Sample notes : Sample description,Sample notes : Sample note 1,Specimen notes : Specimen note 1
"Bimodel Sugar 60-40","Tony
Clayton
Michael
Harry",""

Results Table 1
,Start date,Modulus (Automatic Young's),Diameter,Geometry,Height,Compressive strain (Displacement) gauge length,Rate 1
,,(MPa),(mm),,(mm),(mm),(mm/min)
1,"4/19/2019","13.38","18.44","Circular","43.54","43.54","3.00"

Time,Displacement,Force
(s),(mm),(kN)
"0.0000","0.0000","-0.0006"
"0.1400","0.0020","-0.0006"
"0.2800","0.0097","-0.0003"
"0.4200","0.0170","0.0000"
"0.5600","0.0238","-0.0001"
"0.7000","0.0309","0.0001"
"0.8400","0.0380","0.0002"
"0.9800","0.0449","0.0005"
"1.1200","0.0520","0.0010"
"1.2600","0.0589","0.0011"
"1.4000","0.0660","0.0012"
"1.5400","0.0731","0.0012"
"1.6800","0.0799","0.0016"
"1.8200","0.0870","0.0017"
"1.9600","0.0939","0.0019"
"2.1000","0.1010","0.0023"
"2.2400","0.1081","0.0026"
"2.3800","0.1148","0.0029"
"2.5200","0.1220","0.0031"
"2.6600","0.1290","0.0033"
"2.8000","0.1360","0.0037"
"2.9400","0.1430","0.0036"
"3.0800","0.1498","0.0040"
"3.2200","0.1570","0.0044"
"3.3600","0.1639","0.0045"
"3.5000","0.1709","0.0048"
"3.6400","0.1780","0.0053"
"3.7800","0.1849","0.0054"
"3.9200","0.1920","0.0057"
"4.0600","0.1991","0.0060"
"4.2000","0.2059","0.0063"
"4.3400","0.2129","0.0065"
"4.4800","0.2199","0.0069"
"4.6200","0.2270","0.0072"
"4.7600","0.2340","0.0075"
"4.9000","0.2409","0.0079"
"5.0400","0.2479","0.0081"
"5.1800","0.2550","0.0084"
"5.3200","0.2620","0.0089"
"5.4600","0.2690","0.0091"
"5.6000","0.2758","0.0095"
"5.7400","0.2829","0.0099"
"5.8800","0.2900","0.0105"
"6.0200","0.2969","0.0108"
"6.1600","0.3040","0.0110"
"6.3000","0.3109","0.0117"
"6.4400","0.3179","0.0120"
"6.5800","0.3250","0.0122"
"6.7200","0.3319","0.0128"
"6.8600","0.3390","0.0130"
"7.0000","0.3459","0.0137"
"7.1400","0.3530","0.0142"
"7.2800","0.3600","0.0145"
"7.4200","0.3668","0.0148"
"7.5600","0.3740","0.0151"
"7.7000","0.3810","0.0158"
"7.8400","0.3881","0.0159"
"7.9800","0.3950","0.0165"
"8.1200","0.4018","0.0170"
"8.2600","0.4090","0.0175"
"8.4000","0.4160","0.0180"
"8.5400","0.4231","0.0184"
"8.6800","0.4301","0.0186"
"8.8200","0.4368","0.0192"
"8.9600","0.4440","0.0198"
"9.1000","0.4510","0.0199"
"9.2400","0.4579","0.0204"
"9.3800","0.4650","0.0208"
"9.5200","0.4719","0.0213"
"9.6600","0.4790","0.0218"
"9.8000","0.4860","0.0222"
"9.9400","0.4929","0.0228"
"10.0800","0.5000","0.0231"
"10.2200","0.5069","0.0236"
"10.3600","0.5140","0.0241"
"10.5000","0.5210","0.0246"
"10.6400","0.5278","0.0250"
"10.7800","0.5350","0.0256"
"10.9200","0.5420","0.0259"
"11.0600","0.5491","0.0263"
"11.2000","0.5561","0.0269"
"11.3400","0.5628","0.0274"
"11.4800","0.5700","0.0279"
"11.6200","0.5769","0.0286"
"11.7600","0.5839","0.0288"
"11.9000","0.5910","0.0293"
"12.0400","0.5978","0.0300"
"12.1800","0.6050","0.0303"
"12.3200","0.6120","0.0308"
"12.4600","0.6189","0.0313"
"12.6000","0.6260","0.0317"
"12.7400","0.6329","0.0323"
"12.8800","0.6401","0.0329"
"13.0200","0.6470","0.0334"
"13.1600","0.6538","0.0338"
"13.3000","0.6609","0.0342"
"13.4400","0.6680","0.0347"
"13.5800","0.6750","0.0352"
"13.7200","0.6821","0.0358"
"13.8600","0.6889","0.0362"
"14.0000","0.6959","0.0367"
"14.1400","0.7029","0.0373"
"14.2800","0.7100","0.0378"
"14.4200","0.7171","0.0385"
"14.5600","0.7239","0.0390"
"14.7000","0.7309","0.0395"
"14.8400","0.7380","0.0399"
"14.9800","0.7449","0.0405"
"15.1200","0.7520","0.0410"
"15.2600","0.7588","0.0414"
"15.4000","0.7660","0.0418"
"15.5400","0.7730","0.0425"
"15.6800","0.7798","0.0429"
"15.8200","0.7870","0.0434"
"15.9600","0.7939","0.0441"
"16.1000","0.8010","0.0446"
"16.2400","0.8081","0.0450"
"16.3800","0.8148","0.0456"
"16.5200","0.8219","0.0461"
"16.6600","0.8289","0.0467"
"16.8000","0.8361","0.0474"
"16.9400","0.8431","0.0477"
"17.0800","0.8498","0.0483"
"17.2200","0.8570","0.0489"
"17.3600","0.8640","0.0497"
"17.5000","0.8710","0.0498"
"17.6400","0.8779","0.0505"
"17.7800","0.8848","0.0510"
"17.9200","0.8920","0.0515"
"18.0600","0.8990","0.0524"
"18.2000","0.9059","0.0527"
"18.3400","0.9129","0.0533"
"18.4800","0.9199","0.0539"
"18.6200","0.9271","0.0545"
"18.7600","0.9340","0.0549"
"18.9000","0.9408","0.0554"
"19.0400","0.9478","0.0560"
"19.1800","0.9549","0.0565"
"19.3200","0.9621","0.0572"
"19.4600","0.9691","0.0577"
"19.6000","0.9758","0.0585"
"19.7400","0.9829","0.0589"
"19.8800","0.9900","0.0595"
"20.0200","0.9970","0.0601"
"20.1600","1.0040","0.0603"
"20.3000","1.0108","0.0612"
"20.4400","1.0180","0.0617"
"20.5800","1.0251","0.0624"
"20.7200","1.0320","0.0628"
"20.8600","1.0390","0.0635"
"21.0000","1.0458","0.0639"
"21.1400","1.0530","0.0646"
"21.2800","1.0600","0.0650"
"21.4200","1.0668","0.0659"
"21.5600","1.0739","0.0662"
"21.7000","1.0809","0.0668"
"21.8400","1.0881","0.0675"
"21.9800","1.0950","0.0681"
"22.1200","1.1018","0.0686"
"22.2600","1.1089","0.0691"
"22.4000","1.1160","0.0698"
"22.5400","1.1230","0.0704"
"22.6800","1.1300","0.0710"
"22.8200","1.1368","0.0715"
"22.9600","1.1440","0.0720"
"23.1000","1.1510","0.0725"
"23.2400","1.1580","0.0731"
"23.3800","1.1650","0.0738"
"23.5200","1.1719","0.0744"
"23.6600","1.1790","0.0751"
"23.8000","1.1860","0.0755"
"23.9400","1.1929","0.0761"
"24.0800","1.2000","0.0765"
"24.2200","1.2070","0.0771"
"24.3600","1.2140","0.0778"
"24.5000","1.2210","0.0783"
"24.6400","1.2278","0.0791"
"24.7800","1.2349","0.0794"
"24.9200","1.2419","0.0800"
"25.0600","1.2490","0.0808"
"25.2000","1.2561","0.0812"
"25.3400","1.2628","0.0820"
"25.4800","1.2699","0.0824"
"25.6200","1.2770","0.0827"
"25.7600","1.2840","0.0839"
"25.9000","1.2911","0.0840"
"26.0400","1.2978","0.0847"
"26.1800","1.3049","0.0854"
"26.3200","1.3120","0.0860"
"26.4600","1.3190","0.0867"
"26.6000","1.3260","0.0869"
"26.7400","1.3329","0.0878"
"26.8800","1.3401","0.0884"
"27.0200","1.3470","0.0889"
"27.1600","1.3538","0.0898"
"27.3000","1.3609","0.0900"
"27.4400","1.3679","0.0909"
"27.5800","1.3751","0.0913"
"27.7200","1.3820","0.0917"
"27.8600","1.3888","0.0925"
"28.0000","1.3959","0.0930"
"28.1400","1.4029","0.0934"
"28.2800","1.4100","0.0942"
"28.4200","1.4170","0.0947"
"28.5600","1.4238","0.0953"
"28.7000","1.4309","0.0960"
"28.8400","1.4380","0.0965"
"28.9800","1.4450","0.0972"
"29.1200","1.4520","0.0978"
"29.2600","1.4589","0.0984"
"29.4000","1.4660","0.0989"
"29.5400","1.4730","0.0994"
"29.6800","1.4799","0.0999"
"29.8200","1.4869","0.1005"
"29.9600","1.4939","0.1011"
"30.1000","1.5011","0.1018"
"30.2400","1.5081","0.1023"
"30.3800","1.5149","0.1030"
"30.5200","1.5219","0.1037"
"30.6600","1.5289","0.1040"
"30.8000","1.5360","0.1048"
"30.9400","1.5430","0.1054"
"31.0800","1.5498","0.1060"
"31.2200","1.5569","0.1064"
"31.3600","1.5639","0.1073"
"31.5000","1.5710","0.1077"
"31.6400","1.5780","0.1084"
"31.7800","1.5848","0.1091"
"31.9200","1.5920","0.1096"
"32.0600","1.5989","0.1101"
"32.2000","1.6059","0.1106"
"32.3400","1.6130","0.1113"
"32.4800","1.6199","0.1118"
"32.6200","1.6271","0.1125"
"32.7600","1.6340","0.1130"
"32.9000","1.6409","0.1137"
"33.0400","1.6480","0.1143"
"33.1800","1.6549","0.1149"
"33.3200","1.6620","0.1156"
"33.4600","1.6690","0.1161"
"33.6000","1.6758","0.1167"
"33.7400","1.6829","0.1173"
"33.8800","1.6900","0.1182"
"34.0200","1.6970","0.1185"
"34.1600","1.7040","0.1190"
"34.3000","1.7108","0.1196"
"34.4400","1.7179","0.1202"
"34.5800","1.7250","0.1208"
"34.7200","1.7319","0.1214"
"34.8600","1.7390","0.1219"
"35.0000","1.7458","0.1225"
"35.1400","1.7530","0.1230"
"35.2800","1.7600","0.1236"
"35.4200","1.7670","0.1243"
"35.5600","1.7740","0.1247"
"35.7000","1.7809","0.1254"
"35.8400","1.7880","0.1260"
"35.9800","1.7950","0.1268"
"36.1200","1.8019","0.1272"
"36.2600","1.8090","0.1278"
"36.4000","1.8159","0.1284"
"36.5400","1.8231","0.1289"
"36.6800","1.8300","0.1295"
"36.8200","1.8368","0.1299"
"36.9600","1.8439","0.1306"
"37.1000","1.8509","0.1314"
"37.2400","1.8580","0.1318"
"37.3800","1.8650","0.1324"
"37.5200","1.8719","0.1329"
"37.6600","1.8790","0.1337"
"37.8000","1.8859","0.1342"
"37.9400","1.8930","0.1347"
"38.0800","1.8999","0.1353"
"38.2200","1.9069","0.1357"
"38.3600","1.9140","0.1362"
"38.5000","1.9210","0.1367"
"38.6400","1.9279","0.1374"
"38.7800","1.9349","0.1381"
"38.9200","1.9420","0.1386"
"39.0600","1.9491","0.1390"
"39.2000","1.9560","0.1400"
"39.3400","1.9628","0.1405"
"39.4800","1.9699","0.1410"
"39.6200","1.9769","0.1414"
"39.7600","1.9840","0.1422"
"39.9000","1.9911","0.1428"
"40.0400","1.9978","0.1433"
"40.1800","2.0049","0.1438"
"40.3200","2.0119","0.1447"
"40.4600","2.0190","0.1452"
"40.6000","2.0260","0.1456"
"40.7400","2.0328","0.1463"
"40.8800","2.0400","0.1467"
"41.0200","2.0470","0.1475"
"41.1600","2.0539","0.1481"
"41.3000","2.0610","0.1488"
"41.4400","2.0679","0.1492"
"41.5800","2.0751","0.1497"
"41.7200","2.0820","0.1504"
"41.8600","2.0888","0.1509"
"42.0000","2.0960","0.1516"
"42.1400","2.1029","0.1522"
"42.2800","2.1101","0.1527"
"42.4200","2.1171","0.1534"
"42.5600","2.1238","0.1541"
"42.7000","2.1309","0.1545"
"42.8400","2.1380","0.1551"
"42.9800","2.1450","0.1558"
"43.1200","2.1520","0.1563"
"43.2600","2.1589","0.1571"
"43.4000","2.1659","0.1574"
"43.5400","2.1730","0.1582"
"43.6800","2.1799","0.1586"
"43.8200","2.1870","0.1593"
"43.9600","2.1939","0.1598"
"44.1000","2.2010","0.1605"
"44.2400","2.2080","0.1611"
"44.3800","2.2148","0.1617"
"44.5200","2.2220","0.1622"
"44.6600","2.2289","0.1627"
"44.8000","2.2361","0.1634"
"44.9400","2.2430","0.1642"
"45.0800","2.2499","0.1645"
"45.2200","2.2569","0.1652"
"45.3600","2.2639","0.1655"
"45.5000","2.2710","0.1662"
"45.6400","2.2781","0.1666"
"45.7800","2.2848","0.1674"
"45.9200","2.2920","0.1681"
"46.0600","2.2989","0.1685"
"46.2000","2.3060","0.1640"
"46.3400","2.3130","0.1638"
"46.4800","2.3198","0.1645"
"46.6200","2.3270","0.1655"
"46.7600","2.3339","0.1666"
"46.9000","2.3409","0.1673"
"47.0400","2.3480","0.1683"
"47.1800","2.3549","0.1691"
"47.3200","2.3621","0.1699"
"47.4600","2.3691","0.1709"
"47.6000","2.3759","0.1714"
"47.7400","2.3829","0.1722"
"47.8800","2.3899","0.1729"
"48.0200","2.3971","0.1736"
"48.1600","2.4041","0.1741"
"48.3000","2.4109","0.1750"
"48.4400","2.4179","0.1755"
"48.5800","2.4250","0.1764"
"48.7200","2.4320","0.1771"
"48.8600","2.4390","0.1778"
"49.0000","2.4458","0.1784"
"49.1400","2.4529","0.1790"
"49.2800","2.4600","0.1797"
"49.4200","2.4669","0.1801"
"49.5600","2.4740","0.1810"
"49.7000","2.4809","0.1815"
"49.8400","2.4880","0.1821"
"49.9800","2.4950","0.1826"
"50.1200","2.5018","0.1833"
"50.2600","2.5089","0.1843"
"50.4000","2.5159","0.1846"
"50.5400","2.5230","0.1854"
"50.6800","2.5300","0.1858"
"50.8200","2.5368","0.1866"
"50.9600","2.5440","0.1871"
"51.1000","2.5510","0.1879"
"51.2400","2.5581","0.1885"
"51.3800","2.5649","0.1890"
"51.5200","2.5718","0.1896"
"51.6600","2.5790","0.1902"
"51.8000","2.5860","0.1910"
"51.9400","2.5930","0.1914"
"52.0800","2.6000","0.1923"
"52.2200","2.6069","0.1925"
"52.3600","2.6141","0.1934"
"52.5000","2.6210","0.1941"
"52.6400","2.6279","0.1945"
"52.7800","2.6349","0.1953"
"52.9200","2.6419","0.1957"
"53.0600","2.6491","0.1965"
"53.2000","2.6560","0.1970"
"53.3400","2.6628","0.1975"
"53.4800","2.6699","0.1982"
"53.6200","2.6770","0.1988"
"53.7600","2.6840","0.1993"
"53.9000","2.6910","0.1998"
"54.0400","2.6978","0.2005"
"54.1800","2.7050","0.2013"
"54.3200","2.7120","0.2018"
"54.4600","2.7190","0.2023"
"54.6000","2.7260","0.2030"
"54.7400","2.7329","0.2033"
"54.8800","2.7400","0.2042"
"55.0200","2.7469","0.2048"
"55.1600","2.7539","0.2055"
"55.3000","2.7610","0.2060"
"55.4400","2.7679","0.2067"
"55.5800","2.7750","0.2071"
"55.7200","2.7820","0.2079"
"55.8600","2.7888","0.2083"
"56.0000","2.7960","0.2089"
"56.1400","2.8029","0.2096"
"56.2800","2.8101","0.2100"
"56.4200","2.8170","0.2107"
"56.5600","2.8238","0.2113"
"56.7000","2.8309","0.2120"
"56.8400","2.8379","0.2125"
"56.9800","2.8450","0.2131"
"57.1200","2.8521","0.2138"
"57.2600","2.8589","0.2143"
"57.4000","2.8659","0.2147"
"57.5400","2.8729","0.2155"
"57.6800","2.8800","0.2160"
"57.8200","2.8870","0.2166"
"57.9600","2.8939","0.2171"
"58.1000","2.9010","0.2178"
"58.2400","2.9080","0.2184"
"58.3800","2.9149","0.2189"
"58.5200","2.9219","0.2194"
"58.6600","2.9289","0.2197"
"58.8000","2.9360","0.2205"
"58.9400","2.9430","0.2212"
"59.0800","2.9498","0.2217"
"59.2200","2.9569","0.2223"
"59.3600","2.9639","0.2227"
"59.5000","2.9711","0.2233"
"59.6400","2.9780","0.2241"
"59.7800","2.9848","0.2245"
"59.9200","2.9919","0.2249"
"60.0600","2.9989","0.2258"
"60.2000","3.0060","0.2263"
"60.3400","3.0131","0.2269"
"60.4800","3.0198","0.2272"
"60.6200","3.0270","0.2281"
"60.7600","3.0340","0.2287"
"60.9000","3.0409","0.2290"
"61.0400","3.0479","0.2297"
"61.1800","3.0549","0.2301"
"61.3200","3.0621","0.2307"
"61.4600","3.0690","0.2312"
"61.6000","3.0759","0.2317"
"61.7400","3.0829","0.2322"
"61.8800","3.0899","0.2331"
"62.0200","3.0971","0.2334"
"62.1600","3.1040","0.2342"
"62.3000","3.1108","0.2346"
"62.4400","3.1179","0.2350"
"62.5800","3.1250","0.2358"
"62.7200","3.1320","0.2363"
"62.8600","3.1390","0.2369"
"63.0000","3.1458","0.2373"
"63.1400","3.1530","0.2379"
"63.2800","3.1600","0.2383"
"63.4200","3.1670","0.2389"
"63.5600","3.1740","0.2395"
"63.7000","3.1808","0.2400"
"63.8400","3.1880","0.2408"
"63.9800","3.1951","0.2410"
"64.1200","3.2019","0.2416"
"64.2600","3.2090","0.2422"
"64.4000","3.2159","0.2428"
"64.5400","3.2230","0.2434"
"64.6800","3.2300","0.2439"
"64.8200","3.2368","0.2444"
"64.9600","3.2439","0.2451"
"65.1000","3.2509","0.2456"
"65.2400","3.2581","0.2459"
"65.3800","3.2650","0.2466"
"65.5200","3.2718","0.2472"
"65.6600","3.2790","0.2477"
"65.8000","3.2860","0.2482"
"65.9400","3.2930","0.2487"
"66.0800","3.3000","0.2494"
"66.2200","3.3068","0.2499"
"66.3600","3.3140","0.2503"
"66.5000","3.3210","0.2510"
"66.6400","3.3279","0.2514"
"66.7800","3.3350","0.2520"
"66.9200","3.3419","0.2525"
"67.0600","3.3490","0.2528"
"67.2000","3.3560","0.2533"
"67.3400","3.3629","0.2539"
"67.4800","3.3699","0.2547"
"67.6200","3.3769","0.2552"
"67.7600","3.3840","0.2558"
"67.9000","3.3910","0.2561"
"68.0400","3.3978","0.2567"
"68.1800","3.4049","0.2573"
"68.3200","3.4119","0.2577"
"68.4600","3.4190","0.2583"
"68.6000","3.4261","0.2588"
"68.7400","3.4328","0.2594"
"68.8800","3.4399","0.2598"
"69.0200","3.4470","0.2604"
"69.1600","3.4540","0.2609"
"69.3000","3.4611","0.2615"
"69.4400","3.4678","0.2619"
"69.5800","3.4749","0.2624"
"69.7200","3.4820","0.2630"
"69.8600","3.4889","0.2634"
"70.0000","3.4960","0.2642"
"70.1400","3.5029","0.2644"
"70.2800","3.5100","0.2652"
"70.4200","3.5170","0.2655"
"70.5600","3.5238","0.2658"
"70.7000","3.5309","0.2666"
"70.8400","3.5379","0.2669"
"70.9800","3.5451","0.2676"
"71.1200","3.5520","0.2680"
"71.2600","3.5588","0.2686"
"71.4000","3.5659","0.2692"
"71.5400","3.5730","0.2698"
"71.6800","3.5800","0.2701"
"71.8200","3.5870","0.2707"
"71.9600","3.5938","0.2712"
"72.1000","3.6009","0.2717"
"72.2400","3.6080","0.2724"
"72.3800","3.6150","0.2727"
"72.5200","3.6220","0.2732"
"72.6600","3.6289","0.2738"
"72.8000","3.6360","0.2743"
"72.9400","3.6430","0.2747"
"73.0800","3.6498","0.2750"
"73.2200","3.6569","0.2757"
"73.3600","3.6639","0.2762"
"73.5000","3.6710","0.2768"
"73.6400","3.6781","0.2773"
"73.7800","3.6848","0.2776"
"73.9200","3.6919","0.2784"
"74.0600","3.6989","0.2787"
"74.2000","3.7060","0.2793"
"74.3400","3.7130","0.2797"
"74.4800","3.7198","0.2802"
"74.6200","3.7269","0.2808"
"74.7600","3.7339","0.2811"
"74.9000","3.7410","0.2818"
"75.0400","3.7481","0.2823"
"75.1800","3.7548","0.2826"
"75.3200","3.7621","0.2832"
"75.4600","3.7690","0.2838"
"75.6000","3.7759","0.2840"
"75.7400","3.7830","0.2849"
"75.8800","3.7899","0.2853"
"76.0200","3.7971","0.2857"
"76.1600","3.8041","0.2862"
"76.3000","3.8108","0.2866"
"76.4400","3.8179","0.2871"
"76.5800","3.8249","0.2877"
"76.7200","3.8320","0.2883"
"76.8600","3.8390","0.2888"
"77.0000","3.8458","0.2893"
"77.1400","3.8529","0.2896"
"77.2800","3.8600","0.2902"
"77.4200","3.8670","0.2907"
"77.5600","3.8740","0.2912"
"77.7000","3.8808","0.2916"
"77.8400","3.8879","0.2921"
"77.9800","3.8950","0.2927"
"78.1200","3.9019","0.2930"
"78.2600","3.9090","0.2936"
"78.4000","3.9159","0.2940"
"78.5400","3.9230","0.2946"
"78.6800","3.9301","0.2952"
"78.8200","3.9369","0.2956"
"78.9600","3.9439","0.2961"
"79.1000","3.9509","0.2966"
"79.2400","3.9580","0.2970"
"79.3800","3.9651","0.2973"
"79.5200","3.9718","0.2982"
"79.6600","3.9789","0.2985"
"79.8000","3.9860","0.2991"
"79.9400","3.9930","0.2995"
"80.0800","4.0000","0.2999"
"80.2200","4.0068","0.3002"
"80.3600","4.0140","0.3011"
"80.5000","4.0209","0.3016"
"80.6400","4.0280","0.3017"
"80.7800","4.0350","0.3022"
"80.9200","4.0419","0.3028"
"81.0600","4.0490","0.3031"
"81.2000","4.0560","0.3037"
"81.3400","4.0629","0.3041"
"81.4800","4.0699","0.3046"
"81.6200","4.0769","0.3052"
"81.7600","4.0840","0.3057"
"81.9000","4.0910","0.3061"
"82.0400","4.0979","0.3065"
"82.1800","4.1050","0.3073"
"82.3200","4.1120","0.3075"
"82.4600","4.1190","0.3080"
"82.6000","4.1260","0.3089"
"82.7400","4.1328","0.3091"
"82.8800","4.1399","0.3096"
"83.0200","4.1470","0.3101"
"83.1600","4.1539","0.3104"
"83.3000","4.1610","0.3107"
"83.4400","4.1679","0.3114"
"83.5800","4.1749","0.3119"
"83.7200","4.1819","0.3123"
"83.8600","4.1889","0.3127"
"84.0000","4.1960","0.3134"
"84.1400","4.2029","0.3137"
"84.2800","4.2100","0.3140"
"84.4200","4.2169","0.3148"
"84.5600","4.2238","0.3150"
"84.7000","4.2310","0.3156"
"84.8400","4.2380","0.3161"
"84.9800","4.2451","0.3165"
"85.1200","4.2519","0.3169"
"85.2600","4.2588","0.3174"
"85.4000","4.2660","0.3178"
"85.5400","4.2730","0.3185"
"85.6800","4.2800","0.3189"
"85.8200","4.2870","0.3194"
"85.9600","4.2938","0.3196"
"86.1000","4.3010","0.3203"
"86.2400","4.3080","0.3207"
"86.3800","4.3149","0.3213"
"86.5200","4.3220","0.3218"
"86.6600","4.3289","0.3220"
"86.8000","4.3359","0.3225"
"86.9400","4.3430","0.3231"
"87.0800","4.3499","0.3237"
"87.2200","4.3570","0.3237"
"87.3600","4.3639","0.3245"
"87.5000","4.3710","0.3249"
"87.6400","4.3780","0.3252"
"87.7800","4.3848","0.3258"
"87.9200","4.3920","0.3262"
"88.0600","4.3990","0.3268"
"88.2000","4.4061","0.3272"
"88.3400","4.4131","0.3276"
"88.4800","4.4199","0.3281"
"88.6200","4.4269","0.3286"
"88.7600","4.4339","0.3290"
"88.9000","4.4410","0.3294"
"89.0400","4.4481","0.3299"
"89.1800","4.4548","0.3303"
"89.3200","4.4620","0.3310"
"89.4600","4.4690","0.3314"
"89.6000","4.4759","0.3317"
"89.7400","4.4830","0.3324"
"89.8800","4.4899","0.3327"
"90.0200","4.4970","0.3332"
"90.1600","4.5040","0.3339"
"90.3000","4.5108","0.3340"
"90.4400","4.5179","0.3347"
"90.5800","4.5249","0.3350"
"90.7200","4.5321","0.3355"
"90.8600","4.5391","0.3359"
"91.0000","4.5459","0.3363"
"91.1400","4.5529","0.3369"
"91.2800","4.5599","0.3374"
"91.4200","4.5670","0.3380"
"91.5600","4.5741","0.3384"
"91.7000","4.5809","0.3388"
"91.8400","4.5880","0.3391"
"91.9800","4.5950","0.3397"
"92.1200","4.6019","0.3401"
"92.2600","4.6090","0.3407"
"92.4000","4.6159","0.3412"
"92.5400","4.6229","0.3413"
"92.6800","4.6300","0.3421"
"92.8200","4.6368","0.3421"
"92.9600","4.6440","0.3428"
"93.1000","4.6509","0.3432"
"93.2400","4.6580","0.3436"
"93.3800","4.6650","0.3444"
"93.5200","4.6718","0.3445"
"93.6600","4.6789","0.3452"
"93.8000","4.6859","0.3453"
"93.9400","4.6931","0.3459"
"94.0800","4.7000","0.3463"
"94.2200","4.7068","0.3467"
"94.3600","4.7140","0.3474"
"94.5000","4.7210","0.3478"
"94.6400","4.7280","0.3482"
"94.7800","4.7350","0.3486"
"94.9200","4.7418","0.3490"
"95.0600","4.7490","0.3496"
"95.2000","4.7560","0.3499"
"95.3400","4.7629","0.3504"
"95.4800","4.7700","0.3509"
"95.6200","4.7769","0.3512"
"95.7600","4.7840","0.3516"
"95.9000","4.7910","0.3523"
"96.0400","4.7979","0.3526"
"96.1800","4.8049","0.3531"
"96.3200","4.8119","0.3536"
"96.4600","4.8190","0.3540"
"96.6000","4.8260","0.3543"
"96.7400","4.8328","0.3549"
"96.8800","4.8399","0.3554"
"97.0200","4.8470","0.3558"
"97.1600","4.8540","0.3563"
"97.3000","4.8610","0.3567"
"97.4400","4.8678","0.3572"
"97.5800","4.8750","0.3574"
"97.7200","4.8821","0.3580"
"97.8600","4.8890","0.3586"
"98.0000","4.8960","0.3590"
"98.1400","4.9029","0.3594"
"98.2800","4.9100","0.3598"
"98.4200","4.9170","0.3601"
"98.5600","4.9238","0.3607"
"98.7000","4.9310","0.3613"
"98.8400","4.9379","0.3615"
"98.9800","4.9451","0.3620"
"99.1200","4.9520","0.3626"
"99.2600","4.9588","0.3626"
"99.4000","4.9659","0.3633"
"99.5400","4.9729","0.3639"
"99.6800","4.9801","0.3640"
"99.8200","4.9870","0.3648"
"99.9600","4.9938","0.3649"
"100.1000","5.0010","0.3656"
"100.2400","5.0080","0.3660"
"100.3800","5.0150","0.3665"
"100.5200","5.0221","0.3669"
"100.6600","5.0289","0.3674"
"100.8000","5.0359","0.3676"
"100.9400","5.0430","0.3682"
"101.0800","5.0499","0.3687"
"101.2200","5.0570","0.3690"
"101.3600","5.0639","0.3695"
"101.5000","5.0710","0.3701"
"101.6400","5.0780","0.3705"
"101.7800","5.0849","0.3708"
"101.9200","5.0919","0.3711"
"102.0600","5.0989","0.3716"
"102.2000","5.1060","0.3721"
"102.3400","5.1131","0.3726"
"102.4800","5.1197","0.3730"
"102.6200","5.1269","0.3735"
"102.7600","5.1340","0.3741"
"102.9000","5.1410","0.3746"
"103.0400","5.1481","0.3749"
"103.1800","5.1548","0.3752"
"103.3200","5.1619","0.3759"
"103.4600","5.1690","0.3763"
"103.6000","5.1760","0.3765"
"103.7400","5.1831","0.3770"
"103.8800","5.1899","0.3774"
"104.0200","5.1970","0.3779"
"104.1600","5.2040","0.3782"
"104.3000","5.2109","0.3787"
"104.4400","5.2180","0.3792"
"104.5800","5.2249","0.3797"
"104.7200","5.2321","0.3801"
"104.8600","5.2390","0.3805"
"105.0000","5.2458","0.3810"
"105.1400","5.2529","0.3814"
"105.2800","5.2599","0.3819"
"105.4200","5.2671","0.3824"
"105.5600","5.2740","0.3826"
"105.7000","5.2808","0.3831"
"105.8400","5.2879","0.3835"
"105.9800","5.2950","0.3841"
"106.1200","5.3020","0.3848"
"106.2600","5.3090","0.3850"
"106.4000","5.3159","0.3853"
"106.5400","5.3230","0.3860"
"106.6800","5.3300","0.3862"
"106.8200","5.3369","0.3867"
"106.9600","5.3440","0.3872"
"107.1000","5.3509","0.3876"
"107.2400","5.3580","0.3879"
"107.3800","5.3651","0.3884"
"107.5200","5.3719","0.3889"
"107.6600","5.3789","0.3894"
"107.8000","5.3859","0.3897"
"107.9400","5.3930","0.3902"
"108.0800","5.4001","0.3905"
"108.2200","5.4068","0.3909"
"108.3600","5.4139","0.3914"
"108.5000","5.4209","0.3918"
"108.6400","5.4280","0.3925"
"108.7800","5.4351","0.3928"
"108.9200","5.4418","0.3931"
"109.0600","5.4490","0.3936"
"109.2000","5.4560","0.3942"
"109.3400","5.4630","0.3944"
"109.4800","5.4700","0.3949"
"109.6200","5.4769","0.3953"
"109.7600","5.4841","0.3957"
"109.9000","5.4910","0.3961"
"110.0400","5.4978","0.3968"
"110.1800","5.5049","0.3972"
"110.3200","5.5119","0.3977"
"110.4600","5.5191","0.3980"
"110.6000","5.5260","0.3986"
"110.7400","5.5328","0.3989"
"110.8800","5.5399","0.3994"
"111.0200","5.5470","0.3998"
"111.1600","5.5540","0.4004"
"111.3000","5.5610","0.4008"
"111.4400","5.5678","0.4011"
"111.5800","5.5749","0.4016"
"111.7200","5.5820","0.4019"
"111.8600","5.5890","0.4023"
"112.0000","5.5960","0.4030"
"112.1400","5.6028","0.4031"
"112.2800","5.6100","0.4036"
"112.4200","5.6170","0.4044"
"112.5600","5.6240","0.4047"
"112.7000","5.6310","0.4050"
"112.8400","5.6379","0.4056"
"112.9800","5.6450","0.4059"
"113.1200","5.6520","0.4064"
"113.2600","5.6589","0.4067"
"113.4000","5.6660","0.4073"
"113.5400","5.6729","0.4076"
"113.6800","5.6800","0.4081"
"113.8200","5.6870","0.4086"
"113.9600","5.6938","0.4090"
"114.1000","5.7009","0.4094"
"114.2400","5.7079","0.4099"
"114.3800","5.7150","0.4103"
"114.5200","5.7220","0.4107"
"114.6600","5.7288","0.4110"
"114.8000","5.7359","0.4116"
"114.9400","5.7429","0.4121"
"115.0800","5.7500","0.4123"
"115.2200","5.7570","0.4128"
"115.3600","5.7639","0.4133"
"115.5000","5.7709","0.4138"
"115.6400","5.7780","0.4142"
"115.7800","5.7849","0.4146"
"115.9200","5.7920","0.4151"
"116.0600","5.7990","0.4153"
"116.2000","5.8060","0.4160"
"116.3400","5.8130","0.4163"
"116.4800","5.8198","0.4166"
"116.6200","5.8269","0.4175"
"116.7600","5.8339","0.4175"
"116.9000","5.8410","0.4182"
"117.0400","5.8481","0.4188"
"117.1800","5.8549","0.4190"
"117.3200","5.8619","0.4194"
"117.4600","5.8689","0.4199"
"117.6000","5.8759","0.4202"
"117.7400","5.8831","0.4208"
"117.8800","5.8898","0.4210"
"118.0200","5.8969","0.4217"
"118.1600","5.9039","0.4221"
"118.3000","5.9109","0.4224"
"118.4400","5.9180","0.4230"
"118.5800","5.9249","0.4234"
"118.7200","5.9321","0.4238"
"118.8600","5.9389","0.4242"
"119.0000","5.9458","0.4244"
"119.1400","5.9530","0.4252"
"119.2800","5.9599","0.4254"
"119.4200","5.9671","0.4260"
"119.5600","5.9741","0.4263"
"119.7000","5.9808","0.4267"
"119.8400","5.9879","0.4272"
"119.9800","5.9949","0.4276"
"120.1200","6.0020","0.4280"
"120.2600","6.0090","0.4285"
"120.4000","6.0158","0.4290"
"120.5400","6.0229","0.4294"
"120.6800","6.0300","0.4298"
"120.8200","6.0370","0.4303"
"120.9600","6.0440","0.4306"
"121.1000","6.0509","0.4312"
"121.2400","6.0580","0.4316"
"121.3800","6.0650","0.4322"
"121.5200","6.0719","0.4324"
"121.6600","6.0790","0.4329"
"121.8000","6.0859","0.4334"
"121.9400","6.0931","0.4338"
"122.0800","6.1001","0.4342"
"122.2200","6.1069","0.4344"
"122.3600","6.1139","0.4351"
"122.5000","6.1209","0.4356"
"122.6400","6.1280","0.4359"
"122.7800","6.1350","0.4364"
"122.9200","6.1418","0.4367"
"123.0600","6.1490","0.4371"
"123.2000","6.1560","0.4376"
"123.3400","6.1630","0.4381"
"123.4800","6.1700","0.4384"
"123.6200","6.1768","0.4388"
"123.7600","6.1840","0.4394"
"123.9000","6.1909","0.4398"
"124.0400","6.1979","0.4401"
"124.1800","6.2050","0.4407"
"124.3200","6.2119","0.4412"
"124.4600","6.2190","0.4414"
"124.6000","6.2260","0.4421"
"124.7400","6.2329","0.4424"
"124.8800","6.2399","0.4430"
"125.0200","6.2469","0.4434"
"125.1600","6.2540","0.4438"
"125.3000","6.2611","0.4440"
"125.4400","6.2679","0.4444"
"125.5800","6.2749","0.4450"
"125.7200","6.2820","0.4455"
"125.8600","6.2890","0.4458"
"126.0000","6.2960","0.4464"
"126.1400","6.3028","0.4466"
"126.2800","6.3099","0.4473"
"126.4200","6.3170","0.4475"
"126.5600","6.3239","0.4481"
"126.7000","6.3310","0.4485"
"126.8400","6.3379","0.4487"
"126.9800","6.3449","0.4493"
"127.1200","6.3520","0.4501"
"127.2600","6.3589","0.4504"
"127.4000","6.3660","0.4505"
"127.5400","6.3729","0.4509"
"127.6800","6.3801","0.4514"
"127.8200","6.3870","0.4521"
"127.9600","6.3938","0.4524"
"128.1000","6.4010","0.4530"
"128.2400","6.4080","0.4533"
"128.3800","6.4151","0.4535"
"128.5200","6.4220","0.4541"
"128.6600","6.4288","0.4546"
"128.8000","6.4360","0.4549"
"128.9400","6.4430","0.4555"
"129.0800","6.4500","0.4561"
"129.2200","6.4570","0.4564"
"129.3600","6.4639","0.4567"
"129.5000","6.4710","0.4571"
"129.6400","6.4780","0.4578"
"129.7800","6.4849","0.4582"
"129.9200","6.4919","0.4585"
"130.0600","6.4989","0.4590"
"130.2000","6.5060","0.4594"
"130.3400","6.5130","0.4597"
"130.4800","6.5198","0.4602"
"130.6200","6.5269","0.4606"
"130.7600","6.5339","0.4611"
"130.9000","6.5410","0.4616"
"131.0400","6.5480","0.4621"
"131.1800","6.5548","0.4625"
"131.3200","6.5620","0.4630"
"131.4600","6.5690","0.4634"
"131.6000","6.5760","0.4638"
"131.7400","6.5830","0.4643"
"131.8800","6.5899","0.4646"
"132.0200","6.5969","0.4650"
"132.1600","6.6039","0.4654"
"132.3000","6.6109","0.4659"
"132.4400","6.6180","0.4665"
"132.5800","6.6248","0.4668"
"132.7200","6.6320","0.4674"
"132.8600","6.6390","0.4677"
"133.0000","6.6459","0.4680"
"133.1400","6.6529","0.4688"
"133.2800","6.6599","0.4691"
"133.4200","6.6670","0.4696"
"133.5600","6.6740","0.4701"
"133.7000","6.6808","0.4703"
"133.8400","6.6879","0.4708"
"133.9800","6.6950","0.4713"
"134.1200","6.7021","0.4718"
"134.2600","6.7091","0.4721"
"134.4000","6.7158","0.4725"
"134.5400","6.7229","0.4730"
"134.6800","6.7300","0.4735"
"134.8200","6.7370","0.4738"
"134.9600","6.7440","0.4744"
"135.1000","6.7509","0.4745"
"135.2400","6.7580","0.4753"
"135.3800","6.7650","0.4756"
"135.5200","6.7719","0.4759"
"135.6600","6.7789","0.4766"
"135.8000","6.7859","0.4770"
"135.9400","6.7930","0.4775"
"136.0800","6.8000","0.4778"
"136.2200","6.8068","0.4782"
"136.3600","6.8139","0.4788"
"136.5000","6.8209","0.4792"
"136.6400","6.8280","0.4794"
"136.7800","6.8350","0.4799"
"136.9200","6.8418","0.4802"
"137.0600","6.8489","0.4809"
"137.2000","6.8559","0.4814"
"137.3400","6.8630","0.4817"
"137.4800","6.8701","0.4820"
"137.6200","6.8768","0.4825"
"137.7600","6.8840","0.4830"
"137.9000","6.8910","0.4836"
"138.0400","6.8980","0.4839"
"138.1800","6.9050","0.4843"
"138.3200","6.9119","0.4847"
"138.4600","6.9191","0.4853"
"138.6000","6.9260","0.4857"
"138.7400","6.9329","0.4860"
"138.8800","6.9399","0.4864"
"139.0200","6.9469","0.4870"
"139.1600","6.9541","0.4874"
"139.3000","6.9610","0.4876"
"139.4400","6.9678","0.4882"
"139.5800","6.9749","0.4888"
"139.7200","6.9820","0.4893"
"139.8600","6.9890","0.4894"
"140.0000","6.9961","0.4901"
"140.1400","7.0028","0.4905"
"140.2800","7.0099","0.4909"
"140.4200","7.0170","0.4916"
"140.5600","7.0239","0.4918"
"140.7000","7.0310","0.4923"
"140.8400","7.0378","0.4926"
"140.9800","7.0450","0.4930"
"141.1200","7.0521","0.4939"
"141.2600","7.0590","0.4940"
"141.4000","7.0660","0.4944"
"141.5400","7.0729","0.4948"
"141.6800","7.0800","0.4952"
"141.8200","7.0870","0.4959"
"141.9600","7.0938","0.4960"
"142.1000","7.1009","0.4966"
"142.2400","7.1079","0.4971"
"142.3800","7.1151","0.4974"
"142.5200","7.1220","0.4981"
"142.6600","7.1288","0.4985"
"142.8000","7.1360","0.4991"
"142.9400","7.1430","0.4993"
"143.0800","7.1500","0.4996"
"143.2200","7.1570","0.5004"
"143.3600","7.1638","0.5004"
"143.5000","7.1710","0.5011"
"143.6400","7.1780","0.5015"
"143.7800","7.1850","0.5019"
"143.9200","7.1920","0.5022"
"144.0600","7.1989","0.5028"
"144.2000","7.2059","0.5032"
"144.3400","7.2129","0.5037"
"144.4800","7.2199","0.5040"
"144.6200","7.2270","0.5046"
"144.7600","7.2340","0.5050"
"144.9000","7.2410","0.5055"
"145.0400","7.2480","0.5060"
"145.1800","7.2548","0.5061"
"145.3200","7.2619","0.5069"
"145.4600","7.2689","0.5074"
"145.6000","7.2760","0.5078"
"145.7400","7.2830","0.5081"
"145.8800","7.2898","0.5086"
"146.0200","7.2969","0.5090"
"146.1600","7.3040","0.5094"
"146.3000","7.3110","0.5100"
"146.4400","7.3181","0.5103"
"146.5800","7.3248","0.5106"
"146.7200","7.3319","0.5112"
"146.8600","7.3390","0.5117"
"147.0000","7.3459","0.5119"
"147.1400","7.3531","0.5125"
"147.2800","7.3599","0.5129"
"147.4200","7.3670","0.5134"
"147.5600","7.3740","0.5139"
"147.7000","7.3809","0.5141"
"147.8400","7.3879","0.5148"
"147.9800","7.3949","0.5151"
"148.1200","7.4021","0.5158"
"148.2600","7.4091","0.5161"
"148.4000","7.4158","0.5164"
"148.5400","7.4229","0.5169"
"148.6800","7.4299","0.5173"
"148.8200","7.4370","0.5180"
"148.9600","7.4441","0.5184"
"149.1000","7.4509","0.5186"
"149.2400","7.4578","0.5192"
"149.3800","7.4650","0.5197"
"149.5200","7.4720","0.5200"
"149.6600","7.4790","0.5206"
"149.8000","7.4859","0.5208"
"149.9400","7.4930","0.5214"
"150.0800","7.5000","0.5219"
"150.2200","7.5068","0.5223"
"150.3600","7.5139","0.5227"
"150.5000","7.5209","0.5231"
"150.6400","7.5280","0.5237"
"150.7800","7.5351","0.5240"
"150.9200","7.5419","0.5245"
"151.0600","7.5489","0.5249"
"151.2000","7.5559","0.5252"
"151.3400","7.5630","0.5258"
"151.4800","7.5700","0.5263"
"151.6200","7.5767","0.5264"
"151.7600","7.5840","0.5271"
"151.9000","7.5909","0.5275"
"152.0400","7.5980","0.5280"
"152.1800","7.6050","0.5284"
"152.3200","7.6118","0.5284"
"152.4600","7.6190","0.5291"
"152.6000","7.6260","0.5296"
"152.7400","7.6329","0.5301"
"152.8800","7.6400","0.5306"
"153.0200","7.6469","0.5309"
"153.1600","7.6541","0.5316"
"153.3000","7.6610","0.5319"
"153.4400","7.6678","0.5320"
"153.5800","7.6749","0.5326"
"153.7200","7.6819","0.5330"
"153.8600","7.6890","0.5337"
"154.0000","7.6960","0.5338"
"154.1400","7.7028","0.5344"
"154.2800","7.7099","0.5348"
"154.4200","7.7170","0.5353"
"154.5600","7.7240","0.5358"
"154.7000","7.7310","0.5362"
"154.8400","7.7378","0.5366"
"154.9800","7.7450","0.5370"
"155.1200","7.7520","0.5377"
"155.2600","7.7589","0.5378"
"155.4000","7.7660","0.5384"
"155.5400","7.7729","0.5389"
"155.6800","7.7800","0.5392"
"155.8200","7.7870","0.5397"
"155.9600","7.7939","0.5400"
"156.1000","7.8010","0.5407"
"156.2400","7.8079","0.5409"
"156.3800","7.8150","0.5415"
"156.5200","7.8220","0.5419"
"156.6600","7.8288","0.5422"
"156.8000","7.8360","0.5427"
"156.9400","7.8429","0.5432"
"157.0800","7.8500","0.5437"
"157.2200","7.8570","0.5440"
"157.3600","7.8638","0.5445"
"157.5000","7.8709","0.5450"
"157.6400","7.8779","0.5455"
"157.7800","7.8850","0.5459"
"157.9200","7.8920","0.5464"
"158.0600","7.8988","0.5470"
"158.2000","7.9060","0.5471"
"158.3400","7.9130","0.5479"
"158.4800","7.9199","0.5481"
"158.6200","7.9269","0.5485"
"158.7600","7.9339","0.5490"
"158.9000","7.9410","0.5495"
"159.0400","7.9480","0.5499"
"159.1800","7.9549","0.5505"
"159.3200","7.9619","0.5508"
"159.4600","7.9690","0.5514"
"159.6000","7.9760","0.5517"
"159.7400","7.9830","0.5522"
"159.8800","7.9898","0.5525"
"160.0200","7.9969","0.5530"
"160.1600","8.0040","0.5534"
"160.3000","8.0110","0.5539"
"160.4400","8.0181","0.5544"
"160.5800","8.0248","0.5547"
"160.7200","8.0319","0.5552"
"160.8600","8.0390","0.5556"
"161.0000","8.0459","0.5562"
"161.1400","8.0530","0.5565"
"161.2800","8.0598","0.5568"
"161.4200","8.0670","0.5574"
"161.5600","8.0740","0.5578"
"161.7000","8.0809","0.5581"
"161.8400","8.0880","0.5588"
"161.9800","8.0949","0.5591"
"162.1200","8.1021","0.5595"
"162.2600","8.1090","0.5601"
"162.4000","8.1158","0.5605"
"162.5400","8.1229","0.5609"
"162.6800","8.1299","0.5613"
"162.8200","8.1371","0.5619"
"162.9600","8.1440","0.5621"
"163.1000","8.1509","0.5625"
"163.2400","8.1579","0.5630"
"163.3800","8.1649","0.5634"
"163.5200","8.1720","0.5640"
"163.6600","8.1790","0.5645"
"163.8000","8.1859","0.5649"
"163.9400","8.1929","0.5651"
"164.0800","8.2000","0.5658"
"164.2200","8.2069","0.5662"
"164.3600","8.2139","0.5668"
"164.5000","8.2209","0.5669"
"164.6400","8.2280","0.5675"
"164.7800","8.2350","0.5677"
"164.9200","8.2418","0.5684"
"165.0600","8.2490","0.5686"
"165.2000","8.2560","0.5692"
"165.3400","8.2630","0.5697"
"165.4800","8.2701","0.5702"
"165.6200","8.2768","0.5706"
"165.7600","8.2839","0.5710"
"165.9000","8.2909","0.5717"
"166.0400","8.2980","0.5720"
"166.1800","8.3050","0.5723"
"166.3200","8.3118","0.5729"
"166.4600","8.3190","0.5730"
"166.6000","8.3260","0.5736"
"166.7400","8.3329","0.5740"
"166.8800","8.3400","0.5746"
"167.0200","8.3469","0.5748"
"167.1600","8.3540","0.5753"
"167.3000","8.3609","0.5758"
"167.4400","8.3678","0.5763"
"167.5800","8.3750","0.5768"
"167.7200","8.3819","0.5771"
"167.8600","8.3891","0.5777"
"168.0000","8.3961","0.5779"
"168.1400","8.4029","0.5786"
"168.2800","8.4099","0.5789"
"168.4200","8.4169","0.5793"
"168.5600","8.4240","0.5798"
"168.7000","8.4311","0.5802"
"168.8400","8.4379","0.5807"
"168.9800","8.4449","0.5813"
"169.1200","8.4520","0.5818"
"169.2600","8.4590","0.5820"
"169.4000","8.4660","0.5825"
"169.5400","8.4728","0.5830"
"169.6800","8.4799","0.5833"
"169.8200","8.4870","0.5838"
"169.9600","8.4938","0.5841"
"170.1000","8.5009","0.5848"
"170.2400","8.5079","0.5851"
"170.3800","8.5150","0.5856"
"170.5200","8.5220","0.5860"
"170.6600","8.5288","0.5864"
"170.8000","8.5359","0.5868"
"170.9400","8.5429","0.5873"
"171.0800","8.5501","0.5878"
"171.2200","8.5571","0.5881"
"171.3600","8.5638","0.5885"
"171.5000","8.5710","0.5891"
"171.6400","8.5780","0.5893"
"171.7800","8.5851","0.5899"
"171.9200","8.5920","0.5904"
"172.0600","8.5988","0.5909"
"172.2000","8.6060","0.5912"
"172.3400","8.6130","0.5917"
"172.4800","8.6200","0.5922"
"172.6200","8.6270","0.5925"
"172.7600","8.6339","0.5930"
"172.9000","8.6410","0.5935"
"173.0400","8.6480","0.5939"
"173.1800","8.6549","0.5942"
"173.3200","8.6619","0.5945"
"173.4600","8.6689","0.5952"
"173.6000","8.6760","0.5957"
"173.7400","8.6830","0.5963"
"173.8800","8.6898","0.5966"
"174.0200","8.6969","0.5968"
"174.1600","8.7040","0.5974"
"174.3000","8.7110","0.5977"
"174.4400","8.7180","0.5983"
"174.5800","8.7249","0.5986"
"174.7200","8.7320","0.5992"
"174.8600","8.7390","0.5998"
"175.0000","8.7459","0.6000"
"175.1400","8.7531","0.6005"
"175.2800","8.7599","0.6006"
"175.4200","8.7669","0.6013"
"175.5600","8.7739","0.6018"
"175.7000","8.7809","0.6022"
"175.8400","8.7880","0.6027"
"175.9800","8.7949","0.6032"
"176.1200","8.8020","0.6036"
"176.2600","8.8090","0.6041"
"176.4000","8.8158","0.6043"
"176.5400","8.8230","0.6047"
"176.6800","8.8299","0.6051"
"176.8200","8.8371","0.6057"
"176.9600","8.8440","0.6062"
"177.1000","8.8508","0.6063"
"177.2400","8.8580","0.6071"
"177.3800","8.8650","0.6077"
"177.5200","8.8720","0.6080"
"177.6600","8.8791","0.6085"
"177.8000","8.8859","0.6087"
"177.9400","8.8929","0.6091"
"178.0800","8.9000","0.6096"
"178.2200","8.9069","0.6100"
"178.3600","8.9140","0.6106"
"178.5000","8.9209","0.6109"
"178.6400","8.9280","0.6116"
"178.7800","8.9350","0.6121"
"178.9200","8.9419","0.6122"
"179.0600","8.9489","0.6127"
"179.2000","8.9559","0.6132"
"179.3400","8.9630","0.6136"
"179.4800","8.9701","0.6143"
"179.6200","8.9768","0.6144"
"179.7600","8.9839","0.6148"
"179.9000","8.9909","0.6154"
"180.0400","8.9981","0.6159"
"180.1800","9.0051","0.6165"
"180.3200","9.0118","0.6166"
"180.4600","9.0188","0.6170"
"180.6000","9.0260","0.6175"
"180.7400","9.0331","0.6181"
"180.8800","9.0401","0.6185"
"181.0200","9.0468","0.6188"
"181.1600","9.0540","0.6193"
"181.3000","9.0611","0.6201"
"181.4400","9.0679","0.6203"
"181.5800","9.0749","0.6207"
"181.7200","9.0818","0.6211"
"181.8600","9.0891","0.6216"
"182.0000","9.0960","0.6224"
"182.1400","9.1029","0.6225"
"182.2800","9.1099","0.6231"
"182.4200","9.1169","0.6234"
"182.5600","9.1241","0.6239"
"182.7000","9.1310","0.6244"
"182.8400","9.1378","0.6246"
"182.9800","9.1449","0.6250"
"183.1200","9.1520","0.6256"
"183.2600","9.1590","0.6261"
"183.4000","9.1660","0.6266"
"183.5400","9.1729","0.6270"
"183.6800","9.1800","0.6274"
"183.8200","9.1870","0.6279"
"183.9600","9.1939","0.6282"
"184.1000","9.2010","0.6288"
"184.2400","9.2079","0.6291"
"184.3800","9.2150","0.6297"
"184.5200","9.2221","0.6302"
"184.6600","9.2289","0.6303"
"184.8000","9.2360","0.6308"
"184.9400","9.2429","0.6313"
"185.0800","9.2500","0.6319"
"185.2200","9.2570","0.6322"
"185.3600","9.2638","0.6326"
"185.5000","9.2710","0.6331"
"185.6400","9.2779","0.6335"
"185.7800","9.2851","0.6343"
"185.9200","9.2920","0.6345"
"186.0600","9.2988","0.6348"
"186.2000","9.3060","0.6353"
"186.3400","9.3129","0.6357"
"186.4800","9.3200","0.6363"
"186.6200","9.3270","0.6367"
"186.7600","9.3339","0.6370"
"186.9000","9.3410","0.6376"
"187.0400","9.3480","0.6379"
"187.1800","9.3549","0.6383"
"187.3200","9.3620","0.6389"
"187.4600","9.3689","0.6394"
"187.6000","9.3760","0.6397"
"187.7400","9.3830","0.6401"
"187.8800","9.3898","0.6405"
"188.0200","9.3969","0.6412"
"188.1600","9.4040","0.6418"
"188.3000","9.4110","0.6420"
"188.4400","9.4180","0.6427"
"188.5800","9.4248","0.6427"
"188.7200","9.4319","0.6434"
"188.8600","9.4390","0.6437"
"189.0000","9.4460","0.6443"
"189.1400","9.4530","0.6447"
"189.2800","9.4598","0.6450"
"189.4200","9.4669","0.6456"
"189.5600","9.4740","0.6459"
"189.7000","9.4810","0.6464"
"189.8400","9.4880","0.6468"
"189.9800","9.4948","0.6474"
"190.1200","9.5019","0.6479"
"190.2600","9.5090","0.6484"
"190.4000","9.5159","0.6487"
"190.5400","9.5230","0.6490"
"190.6800","9.5299","0.6495"
"190.8200","9.5371","0.6500"
"190.9600","9.5440","0.6503"
"191.1000","9.5508","0.6505"
"191.2400","9.5579","0.6512"
"191.3800","9.5649","0.6518"
"191.5200","9.5720","0.6523"
"191.6600","9.5790","0.6526"
"191.8000","9.5858","0.6528"
"191.9400","9.5930","0.6535"
"192.0800","9.5999","0.6540"
"192.2200","9.6070","0.6543"
"192.3600","9.6140","0.6548"
"192.5000","9.6209","0.6551"
"192.6400","9.6280","0.6557"
"192.7800","9.6350","0.6562"
"192.9200","9.6419","0.6565"
"193.0600","9.6490","0.6570"
"193.2000","9.6560","0.6574"
"193.3400","9.6630","0.6580"
"193.4800","9.6700","0.6583"
"193.6200","9.6768","0.6589"
"193.7600","9.6839","0.6592"
"193.9000","9.6909","0.6597"
"194.0400","9.6980","0.6602"
"194.1800","9.7051","0.6607"
"194.3200","9.7118","0.6607"
"194.4600","9.7189","0.6613"
"194.6000","9.7259","0.6619"
"194.7400","9.7330","0.6623"
"194.8800","9.7400","0.6628"
"195.0200","9.7468","0.6632"
"195.1600","9.7540","0.6636"
"195.3000","9.7610","0.6639"
"195.4400","9.7680","0.6645"
"195.5800","9.7751","0.6649"
"195.7200","9.7819","0.6655"
"195.8600","9.7891","0.6658"
"196.0000","9.7960","0.6663"
"196.1400","9.8028","0.6666"
"196.2800","9.8100","0.6673"
"196.4200","9.8169","0.6674"
"196.5600","9.8241","0.6681"
"196.7000","9.8311","0.6685"
"196.8400","9.8378","0.6687"
"196.9800","9.8449","0.6693"
"197.1200","9.8519","0.6699"
"197.2600","9.8590","0.6702"
"197.4000","9.8660","0.6708"
"197.5400","9.8728","0.6709"
"197.6800","9.8799","0.6715"
"197.8200","9.8870","0.6721"
"197.9600","9.8939","0.6725"
"198.1000","9.9010","0.6728"
"198.2400","9.9079","0.6734"
"198.3800","9.9150","0.6736"
"198.5200","9.9220","0.6742"
"198.6600","9.9289","0.6747"
"198.8000","9.9360","0.6752"
"198.9400","9.9429","0.6755"
"199.0800","9.9500","0.6762"
"199.2200","9.9570","0.6766"
"199.3600","9.9639","0.6768"
"199.5000","9.9710","0.6774"
"199.6400","9.9779","0.6781"
"199.7800","9.9850","0.6782"
"199.9200","9.9920","0.6789"
"200.0600","9.9988","0.6790"
"200.2000","10.0060","0.6799"
"200.3400","10.0129","0.6799"
"200.4800","10.0200","0.6805"
"200.6200","10.0270","0.6809"
"200.7600","10.0338","0.6812"
"200.9000","10.0410","0.6818"
"201.0400","10.0479","0.6823"
"201.1800","10.0549","0.6826"
"201.3200","10.0620","0.6833"
"201.4600","10.0689","0.6838"
"201.6000","10.0760","0.6841"
"201.7400","10.0830","0.6844"
"201.8800","10.0899","0.6848"
"202.0200","10.0969","0.6854"
"202.1600","10.1039","0.6857"
"202.3000","10.1110","0.6863"
"202.4400","10.1181","0.6869"
"202.5800","10.1249","0.6872"
"202.7200","10.1319","0.6875"
"202.8600","10.1390","0.6881"
"203.0000","10.1460","0.6884"
"203.1400","10.1530","0.6887"
"203.2800","10.1598","0.6893"
"203.4200","10.1669","0.6896"
"203.5600","10.1740","0.6901"
"203.7000","10.1809","0.6907"
"203.8400","10.1880","0.6914"
"203.9800","10.1949","0.6913"
"204.1200","10.2019","0.6919"
"204.2600","10.2090","0.6926"
"204.4000","10.2159","0.6928"
"204.5400","10.2230","0.6934"
"204.6800","10.2299","0.6939"
"204.8200","10.2370","0.6944"
"204.9600","10.2440","0.6947"
"205.1000","10.2508","0.6951"
"205.2400","10.2580","0.6956"
"205.3800","10.2650","0.6961"
"205.5200","10.2721","0.6968"
"205.6600","10.2790","0.6969"
"205.8000","10.2858","0.6974"
"205.9400","10.2930","0.6980"
"206.0800","10.3000","0.6983"
"206.2200","10.3070","0.6988"
"206.3600","10.3141","0.6994"
"206.5000","10.3208","0.6995"
"206.6400","10.3279","0.7001"
"206.7800","10.3349","0.7005"
"206.9200","10.3420","0.7010"
"207.0600","10.3490","0.7014"
"207.2000","10.3559","0.7018"
"207.3400","10.3629","0.7024"
"207.4800","10.3700","0.7030"
"207.6200","10.3769","0.7032"
"207.7600","10.3840","0.7037"
"207.9000","10.3909","0.7042"
"208.0400","10.3980","0.7048"
"208.1800","10.4050","0.7051"
"208.3200","10.4118","0.7053"
"208.4600","10.4190","0.7060"
"208.6000","10.4260","0.7066"
"208.7400","10.4331","0.7068"
"208.8800","10.4401","0.7075"
"209.0200","10.4469","0.7078"
"209.1600","10.4539","0.7080"
"209.3000","10.4610","0.7086"
"209.4400","10.4679","0.7091"
"209.5800","10.4750","0.7097"
"209.7200","10.4818","0.7099"
"209.8600","10.4890","0.7105"
"210.0000","10.4960","0.7109"
"210.1400","10.5029","0.7110"
"210.2800","10.5100","0.7120"
"210.4200","10.5169","0.7123"
"210.5600","10.5241","0.7127"
"210.7000","10.5310","0.7130"
"210.8400","10.5378","0.7133"
"210.9800","10.5449","0.7140"
"211.1200","10.5520","0.7145"
"211.2600","10.5590","0.7149"
"211.4000","10.5661","0.7154"
"211.5400","10.5728","0.7158"
"211.6800","10.5799","0.7159"
"211.8200","10.5870","0.7166"
"211.9600","10.5940","0.7170"
"212.1000","10.6010","0.7177"
"212.2400","10.6078","0.7179"
"212.3800","10.6150","0.7185"
"212.5200","10.6221","0.7190"
"212.6600","10.6289","0.7192"
"212.8000","10.6359","0.7198"
"212.9400","10.6428","0.7201"
"213.0800","10.6501","0.7209"
"213.2200","10.6571","0.7216"
"213.3600","10.6638","0.7214"
"213.5000","10.6709","0.7219"
"213.6400","10.6779","0.7225"
"213.7800","10.6851","0.7229"
"213.9200","10.6920","0.7233"
"214.0600","10.6987","0.7236"
"214.2000","10.7059","0.7243"
"214.3400","10.7130","0.7247"
"214.4800","10.7201","0.7255"
"214.6200","10.7271","0.7257"
"214.7600","10.7338","0.7259"
"214.9000","10.7410","0.7267"
"215.0400","10.7480","0.7271"
"215.1800","10.7550","0.7276"
"215.3200","10.7619","0.7278"
"215.4600","10.7689","0.7283"
"215.6000","10.7761","0.7288"
"215.7400","10.7829","0.7293"
"215.8800","10.7899","0.7296"
"216.0200","10.7970","0.7302"
"216.1600","10.8039","0.7306"
"216.3000","10.8110","0.7312"
"216.4400","10.8180","0.7316"
"216.5800","10.8248","0.7318"
"216.7200","10.8319","0.7323"
"216.8600","10.8390","0.7327"
"217.0000","10.8460","0.7334"
"217.1400","10.8530","0.7338"
"217.2800","10.8599","0.7341"
"217.4200","10.8670","0.7347"
"217.5600","10.8740","0.7351"
"217.7000","10.8810","0.7355"
"217.8400","10.8880","0.7362"
"217.9800","10.8949","0.7363"
"218.1200","10.9020","0.7371"
"218.2600","10.9090","0.7374"
"218.4000","10.9160","0.7378"
"218.5400","10.9230","0.7383"
"218.6800","10.9299","0.7386"
"218.8200","10.9370","0.7391"
"218.9600","10.9440","0.7395"
"219.1000","10.9508","0.7399"
"219.2400","10.9580","0.7405"
"219.3800","10.9649","0.7408"
"219.5200","10.9721","0.7414"
"219.6600","10.9790","0.7420"
"219.8000","10.9858","0.7421"
"219.9400","10.9930","0.7428"
"220.0800","10.9999","0.7431"
"220.2200","11.0070","0.7436"
"220.3600","11.0140","0.7442"
"220.5000","11.0208","0.7445"
"220.6400","11.0280","0.7451"
"220.7800","11.0350","0.7457"
"220.9200","11.0420","0.7460"
"221.0600","11.0490","0.7464"
"221.2000","11.0559","0.7469"
"221.3400","11.0630","0.7471"
"221.4800","11.0700","0.7478"
"221.6200","11.0769","0.7482"
"221.7600","11.0840","0.7488"
"221.9000","11.0909","0.7493"
"222.0400","11.0980","0.7498"
"222.1800","11.1050","0.7501"
"222.3200","11.1118","0.7505"
"222.4600","11.1189","0.7508"
"222.6000","11.1259","0.7515"
"222.7400","11.1330","0.7517"
"222.8800","11.1400","0.7523"
"223.0200","11.1468","0.7527"
"223.1600","11.1539","0.7533"
"223.3000","11.1610","0.7537"
"223.4400","11.1680","0.7542"
"223.5800","11.1751","0.7547"
"223.7200","11.1818","0.7550"
"223.8600","11.1889","0.7554"
"224.0000","11.1960","0.7561"
"224.1400","11.2030","0.7563"
"224.2800","11.2100","0.7570"
"224.4200","11.2169","0.7574"
"224.5600","11.2240","0.7579"
"224.7000","11.2310","0.7582"
"224.8400","11.2378","0.7586"
"224.9800","11.2449","0.7593"
"225.1200","11.2519","0.7597"
"225.2600","11.2591","0.7601"
"225.4000","11.2660","0.7606"
"225.5400","11.2728","0.7608"
"225.6800","11.2799","0.7615"
"225.8200","11.2869","0.7618"
"225.9600","11.2941","0.7623"
"226.1000","11.3010","0.7628"
"226.2400","11.3078","0.7633"
"226.3800","11.3149","0.7636"
"226.5200","11.3220","0.7643"
"226.6600","11.3290","0.7646"
"226.8000","11.3360","0.7651"
"226.9400","11.3429","0.7655"
"227.0800","11.3500","0.7659"
"227.2200","11.3570","0.7664"
"227.3600","11.3639","0.7669"
"227.5000","11.3709","0.7674"
"227.6400","11.3779","0.7679"
"227.7800","11.3851","0.7683"
"227.9200","11.3921","0.7688"
"228.0600","11.3988","0.7690"
"228.2000","11.4059","0.7696"
"228.3400","11.4129","0.7701"
"228.4800","11.4200","0.7707"
"228.6200","11.4270","0.7712"
"228.7600","11.4338","0.7716"
"228.9000","11.4409","0.7720"
"229.0400","11.4479","0.7724"
"229.1800","11.4550","0.7729"
"229.3200","11.4620","0.7733"
"229.4600","11.4689","0.7737"
"229.6000","11.4760","0.7743"
"229.7400","11.4829","0.7746"
"229.8800","11.4899","0.7752"
"230.0200","11.4970","0.7754"
"230.1600","11.5039","0.7759"
"230.3000","11.5111","0.7765"
"230.4400","11.5180","0.7770"
"230.5800","11.5249","0.7773"
"230.7200","11.5319","0.7777"
"230.8600","11.5389","0.7783"
"231.0000","11.5460","0.7788"
"231.1400","11.5530","0.7791"
"231.2800","11.5598","0.7795"
"231.4200","11.5669","0.7801"
"231.5600","11.5740","0.7807"
"231.7000","11.5810","0.7811"
"231.8400","11.5880","0.7816"
"231.9800","11.5948","0.7819"
"232.1200","11.6019","0.7823"
"232.2600","11.6090","0.7828"
"232.4000","11.6159","0.7832"
"232.5400","11.6230","0.7837"
"232.6800","11.6298","0.7841"
"232.8200","11.6370","0.7848"
"232.9600","11.6440","0.7852"
"233.1000","11.6510","0.7854"
"233.2400","11.6580","0.7861"
"233.3800","11.6648","0.7863"
"233.5200","11.6720","0.7868"
"233.6600","11.6790","0.7873"
"233.8000","11.6858","0.7877"
"233.9400","11.6930","0.7882"
"234.0800","11.6999","0.7885"
"234.2200","11.7070","0.7893"
"234.3600","11.7140","0.7896"
"234.5000","11.7208","0.7901"
"234.6400","11.7280","0.7905"
"234.7800","11.7349","0.7911"
"234.9200","11.7420","0.7914"
"235.0600","11.7490","0.7919"
"235.2000","11.7559","0.7923"
"235.3400","11.7630","0.7926"
"235.4800","11.7700","0.7933"
"235.6200","11.7770","0.7937"
"235.7600","11.7839","0.7940"
"235.9000","11.7909","0.7945"
"236.0400","11.7980","0.7951"
"236.1800","11.8050","0.7955"
"236.3200","11.8119","0.7956"
"236.4600","11.8190","0.7963"
"236.6000","11.8260","0.7971"
"236.7400","11.8330","0.7973"
"236.8800","11.8400","0.7979"
"237.0200","11.8468","0.7982"
"237.1600","11.8539","0.7985"
"237.3000","11.8610","0.7990"
"237.4400","11.8680","0.7997"
"237.5800","11.8750","0.7999"
"237.7200","11.8818","0.8003"
"237.8600","11.8889","0.8010"
"238.0000","11.8959","0.8012"
"238.1400","11.9030","0.8019"
"238.2800","11.9100","0.8025"
"238.4200","11.9168","0.8027"
"238.5600","11.9240","0.8033"
"238.7000","11.9310","0.8039"
"238.8400","11.9379","0.8041"
"238.9800","11.9450","0.8049"
"239.1200","11.9519","0.8053"
"239.2600","11.9591","0.8057"
"239.4000","11.9660","0.8061"
"239.5400","11.9728","0.8065"
"239.6800","11.9799","0.8069"
"239.8200","11.9869","0.8075"
"239.9600","11.9941","0.8079"
"240.1000","12.0011","0.8084"
"240.2400","12.0078","0.8088"
"240.3800","12.0149","0.8091"
"240.5200","12.0220","0.8098"
"240.6600","12.0290","0.8101"
"240.8000","12.0360","0.8105"
"240.9400","12.0428","0.8110"
"241.0800","12.0499","0.8115"
"241.2200","12.0570","0.8122"
"241.3600","12.0639","0.8123"
"241.5000","12.0709","0.8129"
"241.6400","12.0779","0.8135"
"241.7800","12.0850","0.8138"
"241.9200","12.0920","0.8143"
"242.0600","12.0988","0.8147"
"242.2000","12.1060","0.8153"
"242.3400","12.1130","0.8157"
"242.4800","12.1201","0.8162"
"242.6200","12.1270","0.8166"
"242.7600","12.1339","0.8170"
"242.9000","12.1409","0.8175"
"243.0400","12.1479","0.8180"
"243.1800","12.1550","0.8184"
"243.3200","12.1620","0.8189"
"243.4600","12.1688","0.8193"
"243.6000","12.1760","0.8198"
"243.7400","12.1829","0.8203"
"243.8800","12.1899","0.8207"
"244.0200","12.1970","0.8211"
"244.1600","12.2039","0.8217"
"244.3000","12.2111","0.8222"
"244.4400","12.2179","0.8226"
"244.5800","12.2248","0.8230"
"244.7200","12.2319","0.8238"
"244.8600","12.2390","0.8240"
"245.0000","12.2461","0.8246"
"245.1400","12.2530","0.8251"
"245.2800","12.2598","0.8250"
"245.4200","12.2669","0.8256"
"245.5600","12.2740","0.8261"
"245.7000","12.2810","0.8267"
"245.8400","12.2880","0.8272"
"245.9800","12.2949","0.8276"
"246.1200","12.3020","0.8282"
"246.2600","12.3090","0.8286"
"246.4000","12.3160","0.8291"
"246.5400","12.3230","0.8295"
"246.6800","12.3298","0.8298"
"246.8200","12.3369","0.8303"
"246.9600","12.3440","0.8309"
"247.1000","12.3508","0.8313"
"247.2400","12.3580","0.8318"
"247.3800","12.3649","0.8323"
"247.5200","12.3719","0.8330"
"247.6600","12.3790","0.8334"
"247.8000","12.3859","0.8335"
"247.9400","12.3930","0.8340"
"248.0800","12.3999","0.8345"
"248.2200","12.4070","0.8351"
"248.3600","12.4141","0.8358"
"248.5000","12.4208","0.8361"
"248.6400","12.4280","0.8366"
"248.7800","12.4350","0.8368"
"248.9200","12.4421","0.8373"
"249.0600","12.4490","0.8378"
"249.2000","12.4558","0.8381"
"249.3400","12.4630","0.8388"
"249.4800","12.4700","0.8393"
"249.6200","12.4770","0.8398"
"249.7600","12.4840","0.8404"
"249.9000","12.4908","0.8406"
"250.0400","12.4980","0.8410"
"250.1800","12.5050","0.8417"
"250.3200","12.5119","0.8420"
"250.4600","12.5189","0.8424"
"250.6000","12.5259","0.8429"
"250.7400","12.5330","0.8434"
"250.8800","12.5400","0.8440"
"251.0200","12.5468","0.8443"
"251.1600","12.5539","0.8447"
"251.3000","12.5610","0.8451"
"251.4400","12.5680","0.8457"
"251.5800","12.5750","0.8463"
"251.7200","12.5818","0.8467"
"251.8600","12.5890","0.8471"
"252.0000","12.5960","0.8477"
"252.1400","12.6030","0.8479"
"252.2800","12.6100","0.8487"
"252.4200","12.6169","0.8489"
"252.5600","12.6240","0.8494"
"252.7000","12.6310","0.8499"
"252.8400","12.6379","0.8501"
"252.9800","12.6450","0.8508"
"253.1200","12.6519","0.8513"
"253.2600","12.6590","0.8519"
"253.4000","12.6660","0.8521"
"253.5400","12.6728","0.8526"
"253.6800","12.6799","0.8530"
"253.8200","12.6869","0.8533"
"253.9600","12.6941","0.8540"
"254.1000","12.7010","0.8545"
"254.2400","12.7078","0.8549"
"254.3800","12.7150","0.8553"
"254.5200","12.7220","0.8559"
"254.6600","12.7290","0.8563"
"254.8000","12.7360","0.8569"
"254.9400","12.7429","0.8573"
"255.0800","12.7499","0.8578"
"255.2200","12.7569","0.8583"
"255.3600","12.7640","0.8586"
"255.5000","12.7710","0.8591"
"255.6400","12.7779","0.8596"
"255.7800","12.7850","0.8602"
"255.9200","12.7920","0.8607"
"256.0600","12.7989","0.8610"
"256.2000","12.8059","0.8615"
"256.3400","12.8129","0.8620"
"256.4800","12.8200","0.8624"
"256.6200","12.8270","0.8631"
"256.7600","12.8338","0.8632"
"256.9000","12.8409","0.8637"
"257.0400","12.8479","0.8643"
"257.1800","12.8551","0.8647"
"257.3200","12.8621","0.8654"
"257.4600","12.8688","0.8656"
"257.6000","12.8759","0.8661"
"257.7400","12.8830","0.8666"
"257.8800","12.8900","0.8672"
"258.0200","12.8971","0.8677"
"258.1600","12.9038","0.8680"
"258.3000","12.9110","0.8686"
"258.4400","12.9180","0.8691"
"258.5800","12.9249","0.8694"
"258.7200","12.9320","0.8699"
"258.8600","12.9389","0.8705"
"259.0000","12.9461","0.8710"
"259.1400","12.9530","0.8714"
"259.2800","12.9598","0.8719"
"259.4200","12.9670","0.8723"
"259.5600","12.9739","0.8728"
"259.7000","12.9811","0.8733"
"259.8400","12.9880","0.8737"
"259.9800","12.9948","0.8742"
"260.1200","13.0019","0.8745"
"260.2600","13.0090","0.8750"
"260.4000","13.0160","0.8758"
"260.5400","13.0230","0.8759"
"260.6800","13.0298","0.8765"
"260.8200","13.0370","0.8770"
"260.9600","13.0440","0.8773"
"261.1000","13.0509","0.8780"
"261.2400","13.0580","0.8786"
"261.3800","13.0649","0.8788"
"261.5200","13.0720","0.8794"
"261.6600","13.0791","0.8798"
"261.8000","13.0859","0.8802"
"261.9400","13.0929","0.8806"
"262.0800","13.0999","0.8811"
"262.2200","13.1070","0.8818"
"262.3600","13.1140","0.8821"
"262.5000","13.1208","0.8826"
"262.6400","13.1279","0.8831"
"262.7800","13.1349","0.8835"
"262.9200","13.1420","0.8841"
"263.0600","13.1491","0.8848"
"263.2000","13.1558","0.8848"
"263.3400","13.1630","0.8854"
"263.4800","13.1699","0.8859"
"263.6200","13.1770","0.8864"
"263.7600","13.1840","0.8868"
"263.9000","13.1908","0.8871"
"264.0400","13.1980","0.8880"
"264.1800","13.2050","0.8884"
"264.3200","13.2119","0.8887"
"264.4600","13.2190","0.8893"
"264.6000","13.2259","0.8897"
"264.7400","13.2330","0.8902"
"264.8800","13.2400","0.8907"
"265.0200","13.2468","0.8909"
"265.1600","13.2540","0.8916"
"265.3000","13.2609","0.8919"
"265.4400","13.2680","0.8926"
"265.5800","13.2750","0.8928"
"265.7200","13.2818","0.8931"
"265.8600","13.2889","0.8939"
"266.0000","13.2959","0.8943"
"266.1400","13.3030","0.8948"
"266.2800","13.3100","0.8954"
"266.4200","13.3168","0.8957"
"266.5600","13.3239","0.8963"
"266.7000","13.3310","0.8969"
"266.8400","13.3380","0.8971"
"266.9800","13.3450","0.8978"
"267.1200","13.3518","0.8981"
"267.2600","13.3589","0.8987"
"267.4000","13.3660","0.8992"
"267.5400","13.3729","0.8996"
"267.6800","13.3800","0.9003"
"267.8200","13.3869","0.9004"
"267.9600","13.3940","0.9011"
"268.1000","13.4010","0.9014"
"268.2400","13.4078","0.9019"
"268.3800","13.4149","0.9027"
"268.5200","13.4219","0.9031"
"268.6600","13.4291","0.9034"
"268.8000","13.4360","0.9039"
"268.9400","13.4428","0.9041"
"269.0800","13.4499","0.9047"
"269.2200","13.4569","0.9052"
"269.3600","13.4640","0.9061"
"269.5000","13.4710","0.9064"
"269.6400","13.4779","0.9069"
"269.7800","13.4849","0.9071"
"269.9200","13.4920","0.9077"
"270.0600","13.4989","0.9079"
"270.2000","13.5060","0.9088"
"270.3400","13.5129","0.9092"
"270.4800","13.5201","0.9096"
"270.6200","13.5271","0.9101"
"270.7600","13.5337","0.9105"
"270.9000","13.5409","0.9110"
"271.0400","13.5479","0.9115"
"271.1800","13.5551","0.9121"
"271.3200","13.5621","0.9125"
"271.4600","13.5688","0.9128"
"271.6000","13.5759","0.9134"
"271.7400","13.5829","0.9141"
"271.8800","13.5900","0.9144"
"272.0200","13.5971","0.9150"
"272.1600","13.6038","0.9153"
"272.3000","13.6110","0.9159"
"272.4400","13.6180","0.9163"
"272.5800","13.6250","0.9167"
"272.7200","13.6320","0.9173"
"272.8600","13.6389","0.9177"
"273.0000","13.6461","0.9183"
"273.1400","13.6530","0.9186"
"273.2800","13.6598","0.9190"
"273.4200","13.6670","0.9195"
"273.5600","13.6739","0.9201"
"273.7000","13.6811","0.9207"
"273.8400","13.6880","0.9213"
"273.9800","13.6948","0.9215"
"274.1200","13.7019","0.9220"
"274.2600","13.7089","0.9223"
"274.4000","13.7160","0.9230"
"274.5400","13.7230","0.9234"
"274.6800","13.7298","0.9237"
"274.8200","13.7369","0.9242"
"274.9600","13.7440","0.9248"
"275.1000","13.7510","0.9256"
"275.2400","13.7580","0.9257"
"275.3800","13.7649","0.9262"
"275.5200","13.7719","0.9266"
"275.6600","13.7790","0.9273"
"275.8000","13.7859","0.9275"
"275.9400","13.7930","0.9284"
"276.0800","13.7999","0.9286"
"276.2200","13.8070","0.9293"
"276.3600","13.8140","0.9297"
"276.5000","13.8209","0.9300"
"276.6400","13.8280","0.9306"
"276.7800","13.8349","0.9308"
"276.9200","13.8419","0.9317"
"277.0600","13.8490","0.9322"
"277.2000","13.8559","0.9323"
"277.3400","13.8630","0.9329"
"277.4800","13.8699","0.9334"
"277.6200","13.8770","0.9336"
"277.7600","13.8840","0.9344"
"277.9000","13.8909","0.9347"
"278.0400","13.8980","0.9353"
"278.1800","13.9049","0.9358"
"278.3200","13.9119","0.9361"
"278.4600","13.9190","0.9368"
"278.6000","13.9259","0.9373"
"278.7400","13.9330","0.9377"
"278.8800","13.9400","0.9383"
"279.0200","13.9469","0.9385"
"279.1600","13.9539","0.9389"
"279.3000","13.9609","0.9395"
"279.4400","13.9680","0.9400"
"279.5800","13.9750","0.9407"
"279.7200","13.9819","0.9411"
"279.8600","13.9889","0.9412"
"280.0000","13.9959","0.9418"
"280.1400","14.0031","0.9426"
"280.2800","14.0100","0.9428"
"280.4200","14.0168","0.9432"
"280.5600","14.0239","0.9436"
"280.7000","14.0310","0.9444"
"280.8400","14.0379","0.9449"
"280.9800","14.0450","0.9453"
"281.1200","14.0519","0.9455"
"281.2600","14.0589","0.9461"
"281.4000","14.0660","0.9465"
"281.5400","14.0729","0.9471"
"281.6800","14.0800","0.9476"
"281.8200","14.0868","0.9478"
"281.9600","14.0940","0.9483"
"282.1000","14.1010","0.9491"
"282.2400","14.1079","0.9495"
"282.3800","14.1150","0.9500"
"282.5200","14.1220","0.9505"
"282.6600","14.1291","0.9509"
"282.8000","14.1360","0.9514"
"282.9400","14.1428","0.9516"
"283.0800","14.1500","0.9522"
"283.2200","14.1569","0.9527"
"283.3600","14.1641","0.9535"
"283.5000","14.1711","0.9540"
"283.6400","14.1778","0.9540"
"283.7800","14.1849","0.9548"
"283.9200","14.1920","0.9551"
"284.0600","14.1990","0.9556"
"284.2000","14.2059","0.9563"
"284.3400","14.2129","0.9568"
"284.4800","14.2200","0.9572"
"284.6200","14.2270","0.9577"
"284.7600","14.2339","0.9579"
"284.9000","14.2409","0.9587"
"285.0400","14.2479","0.9590"
"285.1800","14.2550","0.9598"
"285.3200","14.2620","0.9603"
"285.4600","14.2688","0.9606"
"285.6000","14.2760","0.9610"
"285.7400","14.2830","0.9616"
"285.8800","14.2900","0.9620"
"286.0200","14.2971","0.9627"
"286.1600","14.3039","0.9631"
"286.3000","14.3109","0.9635"
"286.4400","14.3179","0.9639"
"286.5800","14.3250","0.9644"
"286.7200","14.3320","0.9648"
"286.8600","14.3388","0.9653"
"287.0000","14.3460","0.9660"
"287.1400","14.3529","0.9663"
"287.2800","14.3599","0.9667"
"287.4200","14.3670","0.9673"
"287.5600","14.3739","0.9679"
"287.7000","14.3810","0.9683"
"287.8400","14.3880","0.9688"
"287.9800","14.3948","0.9690"
"288.1200","14.4020","0.9698"
"288.2600","14.4089","0.9703"
"288.4000","14.4161","0.9706"
"288.5400","14.4230","0.9713"
"288.6800","14.4299","0.9716"
"288.8200","14.4369","0.9721"
"288.9600","14.4439","0.9726"
"289.1000","14.4510","0.9734"
"289.2400","14.4581","0.9737"
"289.3800","14.4649","0.9742"
"289.5200","14.4719","0.9746"
"289.6600","14.4790","0.9749"
"289.8000","14.4859","0.9756"
"289.9400","14.4930","0.9762"
"290.0800","14.4998","0.9765"
"290.2200","14.5070","0.9771"
"290.3600","14.5140","0.9776"
"290.5000","14.5208","0.9780"
"290.6400","14.5280","0.9786"
"290.7800","14.5349","0.9791"
"290.9200","14.5420","0.9795"
"291.0600","14.5490","0.9800"
"291.2000","14.5558","0.9805"
"291.3400","14.5629","0.9810"
"291.4800","14.5699","0.9814"
"291.6200","14.5771","0.9819"
"291.7600","14.5841","0.9826"
"291.9000","14.5908","0.9828"
"292.0400","14.5980","0.9835"
"292.1800","14.6050","0.9836"
"292.3200","14.6120","0.9844"
"292.4600","14.6190","0.9847"
"292.6000","14.6258","0.9854"
"292.7400","14.6330","0.9858"
"292.8800","14.6400","0.9863"
"293.0200","14.6469","0.9867"
"293.1600","14.6540","0.9872"
"293.3000","14.6609","0.9875"
"293.4400","14.6680","0.9882"
"293.5800","14.6750","0.9885"
"293.7200","14.6819","0.9892"
"293.8600","14.6889","0.9896"
"294.0000","14.6959","0.9900"
"294.1400","14.7030","0.9907"
"294.2800","14.7100","0.9911"
"294.4200","14.7168","0.9913"
"294.5600","14.7239","0.9919"
"294.7000","14.7310","0.9923"
"294.8400","14.7380","0.9930"
"294.9800","14.7450","0.9935"
"295.1200","14.7518","0.9938"
"295.2600","14.7590","0.9945"
"295.4000","14.7660","0.9950"
"295.5400","14.7730","0.9954"
"295.6800","14.7800","0.9961"
"295.8200","14.7868","0.9963"
"295.9600","14.7940","0.9968"
"296.1000","14.8010","0.9974"
"296.2400","14.8079","0.9977"
"296.3800","14.8149","0.9982"
"296.5200","14.8219","0.9988"
"296.6600","14.8291","0.9994"
"296.8000","14.8360","0.9998"
"296.9400","14.8428","1.0000"
"297.0800","14.8500","1.0008"
"297.2200","14.8569","1.0011"
"297.3600","14.8641","1.0018"
"297.5000","14.8710","1.0023"
"297.6400","14.8778","1.0025"
"297.7800","14.8850","1.0032"
"297.9200","14.8920","1.0038"
"298.0600","14.8990","1.0044"
"298.2000","14.9061","1.0046"
"298.3400","14.9129","1.0050"
"298.4800","14.9199","1.0058"
"298.6200","14.9269","1.0061"
"298.7600","14.9339","1.0063"
"298.9000","14.9410","1.0072"
"299.0400","14.9480","1.0077"
"299.1800","14.9550","1.0081"
"299.3200","14.9620","1.0086"
"299.4600","14.9688","1.0090"
"299.6000","14.9759","1.0095"
"299.7400","14.9829","1.0100"
"299.8800","14.9900","1.0106"
"300.0200","14.9970","1.0114"
"300.1600","15.0038","1.0115"
"300.3000","15.0109","1.0120"
"300.4400","15.0180","1.0126"
"300.5800","15.0250","1.0133"
"300.7200","15.0321","1.0137"
"300.8600","15.0388","1.0138"
"301.0000","15.0459","1.0146"
"301.1400","15.0530","1.0151"
"301.2800","15.0600","1.0156"
"301.4200","15.0671","1.0159"
"301.5600","15.0738","1.0163"
"301.7000","15.0810","1.0170"
"301.8400","15.0880","1.0172"
"301.9800","15.0948","1.0178"
"302.1200","15.1019","1.0184"
"302.2600","15.1089","1.0186"
"302.4000","15.1161","1.0193"
"302.5400","15.1230","1.0200"
"302.6800","15.1298","1.0203"
"302.8200","15.1369","1.0206"
"302.9600","15.1440","1.0211"
"303.1000","15.1510","1.0218"
"303.2400","15.1579","1.0221"
"303.3800","15.1648","1.0224"
"303.5200","15.1720","1.0233"
"303.6600","15.1790","1.0237"
"303.8000","15.1860","1.0241"
"303.9400","15.1930","1.0245"
"304.0800","15.1999","1.0249"
"304.2200","15.2070","1.0255"
"304.3600","15.2140","1.0260"
"304.5000","15.2209","1.0264"
"304.6400","15.2279","1.0268"
"304.7800","15.2349","1.0275"
"304.9200","15.2420","1.0280"
"305.0600","15.2490","1.0284"
"305.2000","15.2558","1.0287"
"305.3400","15.2629","1.0295"
"305.4800","15.2699","1.0300"
"305.6200","15.2770","1.0304"
"305.7600","15.2840","1.0310"
"305.9000","15.2908","1.0311"
"306.0400","15.2979","1.0318"
"306.1800","15.3049","1.0323"
"306.3200","15.3120","1.0328"
"306.4600","15.3190","1.0333"
"306.6000","15.3258","1.0336"
"306.7400","15.3330","1.0342"
"306.8800","15.3399","1.0346"
"307.0200","15.3469","1.0353"
"307.1600","15.3540","1.0358"
"307.3000","15.3609","1.0362"
"307.4400","15.3681","1.0367"
"307.5800","15.3750","1.0371"
"307.7200","15.3819","1.0375"
"307.8600","15.3890","1.0379"
"308.0000","15.3959","1.0384"
"308.1400","15.4030","1.0392"
"308.2800","15.4100","1.0395"
"308.4200","15.4169","1.0400"
"308.5600","15.4239","1.0406"
"308.7000","15.4309","1.0409"
"308.8400","15.4380","1.0418"
"308.9800","15.4451","1.0421"
"309.1200","15.4518","1.0425"
"309.2600","15.4589","1.0429"
"309.4000","15.4659","1.0434"
"309.5400","15.4729","1.0442"
"309.6800","15.4801","1.0446"
"309.8200","15.4868","1.0448"
"309.9600","15.4939","1.0455"
"310.1000","15.5010","1.0461"
"310.2400","15.5080","1.0465"
"310.3800","15.5150","1.0470"
"310.5200","15.5218","1.0473"
"310.6600","15.5289","1.0480"
"310.8000","15.5360","1.0485"
"310.9400","15.5429","1.0490"
"311.0800","15.5500","1.0493"
"311.2200","15.5569","1.0501"
"311.3600","15.5640","1.0505"
"311.5000","15.5711","1.0513"
"311.6400","15.5778","1.0512"
"311.7800","15.5849","1.0518"
"311.9200","15.5919","1.0523"
"312.0600","15.5990","1.0530"
"312.2000","15.6060","1.0536"
"312.3400","15.6128","1.0537"
"312.4800","15.6200","1.0544"
"312.6200","15.6270","1.0550"
"312.7600","15.6340","1.0553"
"312.9000","15.6409","1.0559"
"313.0400","15.6479","1.0563"
"313.1800","15.6550","1.0568"
"313.3200","15.6621","1.0576"
"313.4600","15.6689","1.0578"
"313.6000","15.6759","1.0580"
"313.7400","15.6830","1.0590"
"313.8800","15.6901","1.0595"
"314.0200","15.6970","1.0600"
"314.1600","15.7038","1.0601"
"314.3000","15.7109","1.0607"
"314.4400","15.7179","1.0612"
"314.5800","15.7250","1.0618"
"314.7200","15.7321","1.0625"
"314.8600","15.7388","1.0630"
"315.0000","15.7459","1.0634"
"315.1400","15.7529","1.0641"
"315.2800","15.7600","1.0642"
"315.4200","15.7670","1.0651"
"315.5600","15.7738","1.0653"
"315.7000","15.7810","1.0658"
"315.8400","15.7880","1.0665"
"315.9800","15.7949","1.0668"
"316.1200","15.8020","1.0675"
"316.2600","15.8089","1.0678"
"316.4000","15.8161","1.0686"
"316.5400","15.8230","1.0688"
"316.6800","15.8298","1.0692"
"316.8200","15.8370","1.0700"
"316.9600","15.8439","1.0704"
"317.1000","15.8511","1.0712"
"317.2400","15.8581","1.0714"
"317.3800","15.8648","1.0716"
"317.5200","15.8719","1.0723"
"317.6600","15.8789","1.0728"
"317.8000","15.8860","1.0735"
"317.9400","15.8930","1.0740"
"318.0800","15.8998","1.0741"
"318.2200","15.9069","1.0749"
"318.3600","15.9140","1.0756"
"318.5000","15.9209","1.0758"
"318.6400","15.9280","1.0763"
"318.7800","15.9349","1.0769"
"318.9200","15.9420","1.0775"
"319.0600","15.9490","1.0780"
"319.2000","15.9558","1.0780"
"319.3400","15.9630","1.0788"
"319.4800","15.9699","1.0791"
"319.6200","15.9771","1.0799"
"319.7600","15.9840","1.0802"
"319.9000","15.9909","1.0808"
"320.0400","15.9979","1.0813"
"320.1800","16.0049","1.0818"
"320.3200","16.0120","1.0823"
"320.4600","16.0190","1.0829"
"320.6000","16.0258","1.0832"
"320.7400","16.0330","1.0836"
"320.8800","16.0400","1.0842"
"321.0200","16.0470","1.0847"
"321.1600","16.0540","1.0853"
"321.3000","16.0608","1.0856"
"321.4400","16.0680","1.0863"
"321.5800","16.0749","1.0869"
"321.7200","16.0819","1.0870"
"321.8600","16.0890","1.0877"
"322.0000","16.0959","1.0882"
"322.1400","16.1031","1.0887"
"322.2800","16.1101","1.0893"
"322.4200","16.1169","1.0894"
"322.5600","16.1239","1.0901"
"322.7000","16.1309","1.0906"
"322.8400","16.1380","1.0911"
"322.9800","16.1451","1.0916"
"323.1200","16.1519","1.0921"
"323.2600","16.1589","1.0925"
"323.4000","16.1660","1.0930"
"323.5400","16.1730","1.0937"
"323.6800","16.1800","1.0942"
"323.8200","16.1868","1.0943"
"323.9600","16.1939","1.0950"
"324.1000","16.2010","1.0956"
"324.2400","16.2079","1.0962"
"324.3800","16.2150","1.0966"
"324.5200","16.2219","1.0969"
"324.6600","16.2290","1.0976"
"324.8000","16.2360","1.0981"
"324.9400","16.2429","1.0982"
"325.0800","16.2500","1.0989"
"325.2200","16.2569","1.0995"
"325.3600","16.2641","1.1001"
"325.5000","16.2710","1.1006"
"325.6400","16.2778","1.1007"
"325.7800","16.2850","1.1016"
"325.9200","16.2920","1.1020"
"326.0600","16.2991","1.1027"
"326.2000","16.3060","1.1030"
"326.3400","16.3128","1.1033"
"326.4800","16.3200","1.1040"
"326.6200","16.3270","1.1046"
"326.7600","16.3340","1.1049"
"326.9000","16.3410","1.1057"
"327.0400","16.3478","1.1059"
"327.1800","16.3550","1.1065"
"327.3200","16.3620","1.1070"
"327.4600","16.3689","1.1075"
"327.6000","16.3759","1.1078"
"327.7400","16.3829","1.1084"
"327.8800","16.3900","1.1090"
"328.0200","16.3970","1.1094"
"328.1600","16.4038","1.1095"
"328.3000","16.4109","1.1103"
"328.4400","16.4180","1.1111"
"328.5800","16.4250","1.1116"
"328.7200","16.4320","1.1119"
"328.8600","16.4388","1.1122"
"329.0000","16.4460","1.1130"
"329.1400","16.4530","1.1133"
"329.2800","16.4600","1.1139"
"329.4200","16.4671","1.1145"
"329.5600","16.4739","1.1148"
"329.7000","16.4809","1.1155"
"329.8400","16.4880","1.1158"
"329.9800","16.4949","1.1163"
"330.1200","16.5020","1.1170"
"330.2600","16.5089","1.1173"
"330.4000","16.5160","1.1181"
"330.5400","16.5230","1.1184"
"330.6800","16.5298","1.1187"
"330.8200","16.5370","1.1194"
"330.9600","16.5439","1.1200"
"331.1000","16.5510","1.1204"
"331.2400","16.5580","1.1209"
"331.3800","16.5648","1.1211"
"331.5200","16.5720","1.1219"
"331.6600","16.5790","1.1225"
"331.8000","16.5860","1.1228"
"331.9400","16.5931","1.1235"
"332.0800","16.5999","1.1238"
"332.2200","16.6069","1.1243"
"332.3600","16.6139","1.1250"
"332.5000","16.6210","1.1253"
"332.6400","16.6280","1.1260"
"332.7800","16.6349","1.1263"
"332.9200","16.6420","1.1269"
"333.0600","16.6490","1.1274"
"333.2000","16.6559","1.1278"
"333.3400","16.6629","1.1284"
"333.4800","16.6699","1.1288"
"333.6200","16.6770","1.1293"
"333.7600","16.6841","1.1299"
"333.9000","16.6908","1.1301"
"334.0400","16.6979","1.1310"
"334.1800","16.7049","1.1313"
"334.3200","16.7121","1.1321"
"334.4600","16.7190","1.1325"
"334.6000","16.7258","1.1326"
"334.7400","16.7329","1.1334"
"334.8800","16.7400","1.1339"
"335.0200","16.7470","1.1342"
"335.1600","16.7541","1.1350"
"335.3000","16.7609","1.1352"
"335.4400","16.7680","1.1360"
"335.5800","16.7750","1.1364"
"335.7200","16.7819","1.1368"
"335.8600","16.7890","1.1374"
"336.0000","16.7959","1.1377"
"336.1400","16.8031","1.1384"
"336.2800","16.8099","1.1388"
"336.4200","16.8169","1.1392"
"336.5600","16.8240","1.1398"
"336.7000","16.8309","1.1402"
"336.8400","16.8380","1.1409"
"336.9800","16.8450","1.1414"
"337.1200","16.8519","1.1417"
"337.2600","16.8589","1.1424"
"337.4000","16.8659","1.1428"
"337.5400","16.8730","1.1434"
"337.6800","16.8800","1.1440"
"337.8200","16.8869","1.1441"
"337.9600","16.8940","1.1447"
"338.1000","16.9010","1.1455"
"338.2400","16.9080","1.1457"
"338.3800","16.9150","1.1464"
"338.5200","16.9218","1.1465"
"338.6600","16.9290","1.1472"
"338.8000","16.9361","1.1480"
"338.9400","16.9429","1.1483"
"339.0800","16.9500","1.1488"
"339.2200","16.9569","1.1493"
"339.3600","16.9640","1.1498"
"339.5000","16.9710","1.1504"
"339.6400","16.9778","1.1506"
"339.7800","16.9849","1.1514"
"339.9200","16.9918","1.1518"
"340.0600","16.9991","1.1525"
"340.2000","17.0061","1.1531"
"340.3400","17.0128","1.1533"
"340.4800","17.0199","1.1540"
"340.6200","17.0269","1.1543"
"340.7600","17.0340","1.1550"
"340.9000","17.0410","1.1555"
"341.0400","17.0478","1.1556"
"341.1800","17.0550","1.1563"
"341.3200","17.0620","1.1568"
"341.4600","17.0690","1.1572"
"341.6000","17.0760","1.1580"
"341.7400","17.0828","1.1580"
"341.8800","17.0900","1.1587"
"342.0200","17.0970","1.1593"
"342.1600","17.1039","1.1596"
"342.3000","17.1109","1.1603"
"342.4400","17.1179","1.1610"
"342.5800","17.1250","1.1614"
"342.7200","17.1321","1.1618"
"342.8600","17.1388","1.1620"
"343.0000","17.1459","1.1626"
"343.1400","17.1529","1.1635"
"343.2800","17.1600","1.1637"
"343.4200","17.1671","1.1642"
"343.5600","17.1738","1.1647"
"343.7000","17.1809","1.1653"
"343.8400","17.1880","1.1658"
"343.9800","17.1950","1.1662"
"344.1200","17.2021","1.1666"
"344.2600","17.2088","1.1669"
"344.4000","17.2160","1.1676"
"344.5400","17.2231","1.1684"
"344.6800","17.2299","1.1687"
"344.8200","17.2370","1.1693"
"344.9600","17.2439","1.1695"
"345.1000","17.2511","1.1703"
"345.2400","17.2580","1.1708"
"345.3800","17.2648","1.1708"
"345.5200","17.2719","1.1718"
"345.6600","17.2789","1.1721"
"345.8000","17.2861","1.1730"
"345.9400","17.2930","1.1732"
"346.0800","17.2998","1.1736"
"346.2200","17.3070","1.1742"
"346.3600","17.3140","1.1749"
"346.5000","17.3210","1.1753"
"346.6400","17.3280","1.1757"
"346.7800","17.3349","1.1763"
"346.9200","17.3419","1.1767"
"347.0600","17.3490","1.1774"
"347.2000","17.3560","1.1777"
"347.3400","17.3630","1.1781"
"347.4800","17.3699","1.1788"
"347.6200","17.3770","1.1791"
"347.7600","17.3840","1.1797"
"347.9000","17.3908","1.1799"
"348.0400","17.3979","1.1808"
"348.1800","17.4049","1.1811"
"348.3200","17.4120","1.1819"
"348.4600","17.4191","1.1824"
"348.6000","17.4258","1.1825"
"348.7400","17.4329","1.1831"
"348.8800","17.4399","1.1836"
"349.0200","17.4470","1.1843"
"349.1600","17.4541","1.1848"
"349.3000","17.4608","1.1850"
"349.4400","17.4679","1.1856"
"349.5800","17.4749","1.1861"
"349.7200","17.4820","1.1868"
"349.8600","17.4890","1.1873"
"350.0000","17.4959","1.1878"
"350.1400","17.5030","1.1882"
"350.2800","17.5099","1.1886"
"350.4200","17.5169","1.1894"
"350.5600","17.5240","1.1897"
"350.7000","17.5309","1.1900"
"350.8400","17.5381","1.1907"
"350.9800","17.5451","1.1913"
"351.1200","17.5518","1.1914"
"351.2600","17.5589","1.1920"
"351.4000","17.5659","1.1926"
"351.5400","17.5731","1.1930"
"351.6800","17.5800","1.1938"
"351.8200","17.5868","1.1939"
"351.9600","17.5939","1.1946"
"352.1000","17.6010","1.1954"
"352.2400","17.6080","1.1957"
"352.3800","17.6150","1.1961"
"352.5200","17.6218","1.1964"
"352.6600","17.6290","1.1971"
"352.8000","17.6360","1.1977"
"352.9400","17.6429","1.1980"
"353.0800","17.6500","1.1986"
"353.2200","17.6569","1.1989"
"353.3600","17.6640","1.1996"
"353.5000","17.6710","1.2001"
"353.6400","17.6779","1.2005"
"353.7800","17.6850","1.2010"
"353.9200","17.6919","1.2014"
"354.0600","17.6990","1.2021"
"354.2000","17.7060","1.2025"
"354.3400","17.7128","1.2028"
"354.4800","17.7200","1.2034"
"354.6200","17.7269","1.2042"
"354.7600","17.7340","1.2047"
"354.9000","17.7410","1.2050"
"355.0400","17.7478","1.2054"
"355.1800","17.7550","1.2060"
"355.3200","17.7619","1.2065"
"355.4600","17.7690","1.2069"
"355.6000","17.7760","1.2077"
"355.7400","17.7829","1.2080"
"355.8800","17.7900","1.2087"
"356.0200","17.7970","1.2090"
"356.1600","17.8039","1.2097"
"356.3000","17.8109","1.2100"
"356.4400","17.8179","1.2104"
"356.5800","17.8250","1.2111"
"356.7200","17.8321","1.2118"
"356.8600","17.8389","1.2120"
"357.0000","17.8459","1.2125"
"357.1400","17.8530","1.2131"
"357.2800","17.8601","1.2138"
"357.4200","17.8670","1.2141"
"357.5600","17.8738","1.2146"
"357.7000","17.8809","1.2150"
"357.8400","17.8880","1.2156"
"357.9800","17.8950","1.2162"
"358.1200","17.9020","1.2167"
"358.2600","17.9088","1.2169"
"358.4000","17.9159","1.2177"
"358.5400","17.9230","1.2180"
"358.6800","17.9299","1.2183"
"358.8200","17.9370","1.2190"
"358.9600","17.9439","1.2196"
"359.1000","17.9510","1.2201"
"359.2400","17.9580","1.2207"
"359.3800","17.9649","1.2211"
"359.5200","17.9720","1.2215"
"359.6600","17.9789","1.2220"
"359.8000","17.9861","1.2226"
"359.9400","17.9930","1.2229"
"360.0800","17.9998","1.2232"
"360.2200","18.0070","1.2240"
"360.3600","18.0140","1.2248"
"360.5000","18.0211","1.2251"
"360.6400","18.0281","1.2254"
"360.7800","18.0348","1.2259"
"360.9200","18.0419","1.2265"
"361.0600","18.0489","1.2269"
"361.2000","18.0560","1.2273"
"361.3400","18.0630","1.2279"
"361.4800","18.0699","1.2281"
"361.6200","18.0770","1.2289"
"361.7600","18.0840","1.2293"
"361.9000","18.0909","1.2298"
"362.0400","18.0980","1.2302"
"362.1800","18.1049","1.2308"
"362.3200","18.1120","1.2313"
"362.4600","18.1190","1.2317"
"362.6000","18.1258","1.2320"
"362.7400","18.1330","1.2325"
"362.8800","18.1400","1.2330"
"363.0200","18.1471","1.2336"
"363.1600","18.1541","1.2341"
"363.3000","18.1609","1.2344"
"363.4400","18.1679","1.2348"
"363.5800","18.1749","1.2353"
"363.7200","18.1820","1.2357"
"363.8600","18.1890","1.2367"
"364.0000","18.1958","1.2367"
"364.1400","18.2030","1.2373"
"364.2800","18.2100","1.2378"
"364.4200","18.2169","1.2381"
"364.5600","18.2240","1.2389"
"364.7000","18.2309","1.2393"
"364.8400","18.2380","1.2398"
"364.9800","18.2450","1.2403"
"365.1200","18.2518","1.2406"
"365.2600","18.2589","1.2411"
"365.4000","18.2659","1.2416"
"365.5400","18.2731","1.2423"
"365.6800","18.2801","1.2427"
"365.8200","18.2868","1.2427"
"365.9600","18.2939","1.2435"
"366.1000","18.3009","1.2437"
"366.2400","18.3080","1.2443"
"366.3800","18.3151","1.2447"
"366.5200","18.3219","1.2450"
"366.6600","18.3289","1.2455"
"366.8000","18.3360","1.2459"
"366.9400","18.3430","1.2463"
"367.0800","18.3500","1.2470"
"367.2200","18.3568","1.2471"
"367.3600","18.3639","1.2479"
"367.5000","18.3710","1.2482"
"367.6400","18.3778","1.2485"
"367.7800","18.3850","1.2493"
"367.9200","18.3919","1.2495"
"368.0600","18.3989","1.2500"
"368.2000","18.4060","1.2504"
"368.3400","18.4128","1.2507"
"368.4800","18.4199","1.2513"
"368.6200","18.4269","1.2517"
"368.7600","18.4341","1.2523"
"368.9000","18.4411","1.2528"
"369.0400","18.4479","1.2530"
"369.1800","18.4549","1.2536"
"369.3200","18.4620","1.2539"
"369.4600","18.4690","1.2544"
"369.6000","18.4760","1.2548"
"369.7400","18.4828","1.2551"
"369.8800","18.4900","1.2558"
"370.0200","18.4970","1.2563"
"370.1600","18.5039","1.2564"
"370.3000","18.5110","1.2568"
"370.4400","18.5179","1.2574"
"370.5800","18.5250","1.2579"
"370.7200","18.5320","1.2585"
"370.8600","18.5389","1.2586"
"371.0000","18.5459","1.2590"
"371.1400","18.5529","1.2595"
"371.2800","18.5600","1.2603"
"371.4200","18.5671","1.2607"
"371.5600","18.5738","1.2604"
"371.7000","18.5809","1.2612"
"371.8400","18.5880","1.2617"
"371.9800","18.5950","1.2621"
"372.1200","18.6020","1.2623"
"372.2600","18.6088","1.2626"
"372.4000","18.6160","1.2633"
"372.5400","18.6231","1.2638"
"372.6800","18.6300","1.2641"
"372.8200","18.6370","1.2644"
"372.9600","18.6438","1.2646"
"373.1000","18.6510","1.2654"
"373.2400","18.6581","1.2656"
"373.3800","18.6649","1.2658"
"373.5200","18.6719","1.2660"
"373.6600","18.6788","1.2663"
"373.8000","18.6861","1.2670"
"373.9400","18.6931","1.2675"
"374.0800","18.6998","1.2673"
"374.2200","18.7069","1.2679"
"374.3600","18.7139","1.2684"
"374.5000","18.7211","1.2688"
"374.6400","18.7280","1.2690"
"374.7800","18.7347","1.2692"
"374.9200","18.7419","1.2695"
"375.0600","18.7490","1.2703"
"375.2000","18.7560","1.2704"
"375.3400","18.7630","1.2705"
"375.4800","18.7699","1.2707"
"375.6200","18.7769","1.2711"
"375.7600","18.7840","1.2716"
"375.9000","18.7909","1.2718"
"376.0400","18.7980","1.2723"
"376.1800","18.8050","1.2726"
"376.3200","18.8120","1.2730"
"376.4600","18.8190","1.2732"
"376.6000","18.8258","1.2733"
"376.7400","18.8329","1.2738"
"376.8800","18.8399","1.2743"
"377.0200","18.8470","1.2746"
"377.1600","18.8540","1.2748"
"377.3000","18.8608","1.2748"
"377.4400","18.8679","1.2753"
"377.5800","18.8750","1.2756"
"377.7200","18.8820","1.2759"
"377.8600","18.8891","1.2765"
"378.0000","18.8958","1.2765"
"378.1400","18.9029","1.2768"
"378.2800","18.9100","1.2772"
"378.4200","18.9170","1.2775"
"378.5600","18.9241","1.2776"
"378.7000","18.9309","1.2777"
"378.8400","18.9380","1.2781"
"378.9800","18.9450","1.2785"
"379.1200","18.9518","1.2783"
"379.2600","18.9590","1.2789"
"379.4000","18.9659","1.2794"
"379.5400","18.9731","1.2796"
"379.6800","18.9800","1.2798"
"379.8200","18.9868","1.2798"
"379.9600","18.9939","1.2800"
"380.1000","19.0009","1.2802"
"380.2400","19.0080","1.2806"
"380.3800","19.0150","1.2805"
"380.5200","19.0218","1.2802"
"380.6600","19.0289","1.2801"
"380.8000","19.0360","1.2800"
"380.9400","19.0430","1.2798"
"381.0800","19.0500","1.2797"
"381.2200","19.0569","1.2793"
"381.3600","19.0640","1.2791"
"381.5000","19.0710","1.2793"
"381.6400","19.0779","1.2788"
"381.7800","19.0850","1.2784"
"381.9200","19.0919","1.2783"
"382.0600","19.0991","1.2783"
"382.2000","19.1061","1.2782"
"382.3400","19.1129","1.2774"
"382.4800","19.1199","1.2772"
"382.6200","19.1269","1.2767"
"382.7600","19.1340","1.2761"
"382.9000","19.1410","1.2756"
"383.0400","19.1478","1.2745"
"383.1800","19.1549","1.2742"
"383.3200","19.1619","1.2735"
"383.4600","19.1691","1.2734"
"383.6000","19.1760","1.2728"
"383.7400","19.1829","1.2723"
"383.8800","19.1900","1.2721"
"384.0200","19.1969","1.2716"
"384.1600","19.2040","1.2712"
"384.3000","19.2110","1.2710"
"384.4400","19.2179","1.2705"
"384.5800","19.2250","1.2702"
"384.7200","19.2320","1.2698"
"384.8600","19.2389","1.2692"
"385.0000","19.2460","1.2689"
"385.1400","19.2529","1.2683"
"385.2800","19.2600","1.2679"
"385.4200","19.2670","1.2673"
"385.5600","19.2738","1.2663"
"385.7000","19.2809","1.2661"
"385.8400","19.2880","1.2655"
"385.9800","19.2950","1.2651"
"386.1200","19.3020","1.2645"
"386.2600","19.3088","1.2635"
"386.4000","19.3159","1.2630"
"386.5400","19.3230","1.2624"
"386.6800","19.3299","1.2613"
"386.8200","19.3370","1.2606"
"386.9600","19.3438","1.2592"
"387.1000","19.3510","1.2589"
"387.2400","19.3580","1.2581"
"387.3800","19.3650","1.2571"
"387.5200","19.3720","1.2565"
"387.6600","19.3788","1.2556"
"387.8000","19.3859","1.2551"
"387.9400","19.3931","1.2545"
"388.0800","19.3999","1.2535"
"388.2200","19.4070","1.2532"
"388.3600","19.4139","1.2523"
"388.5000","19.4211","1.2518"
"388.6400","19.4280","1.2508"
"388.7800","19.4348","1.2494"
"388.9200","19.4419","1.2486"
"389.0600","19.4489","1.2475"
"389.2000","19.4560","1.2463"
"389.3400","19.4630","1.2448"
"389.4800","19.4698","1.2435"
"389.6200","19.4769","1.2420"
"389.7600","19.4840","1.2408"
"389.9000","19.4910","1.2390"
"390.0400","19.4980","1.2373"
"390.1800","19.5049","1.2353"
"390.3200","19.5120","1.2335"
"390.4600","19.5190","1.2318"
"390.6000","19.5259","1.2296"
"390.7400","19.5330","1.2272"
"390.8800","19.5399","1.2251"
"391.0200","19.5471","1.2229"
"391.1600","19.5540","1.2207"
"391.3000","19.5608","1.2180"
"391.4400","19.5679","1.2153"
"391.5800","19.5749","1.2124"
"391.7200","19.5820","1.2090"
"391.8600","19.5891","1.2059"
"392.0000","19.5958","1.2022"
"392.1400","19.6028","1.1982"
"392.2800","19.6099","1.1940"
"392.4200","19.6170","1.1895"
"392.5600","19.6241","1.1854"
"392.7000","19.6308","1.1802"
"392.8400","19.6379","1.1751"
"392.9800","19.6450","1.1697"
"393.1200","19.6520","1.1629"
"393.2600","19.6590","1.1569"
"393.4000","19.6659","1.1515"
"393.5400","19.6731","1.1464"
"393.6800","19.6800","1.1408"
"393.8200","19.6868","1.1350"
"393.9600","19.6939","1.1291"
"394.1000","19.7009","1.1218"
"394.2400","19.7081","1.1148"
"394.3800","19.7151","1.1076"
"394.5200","19.7218","1.0994"
"394.6600","19.7289","1.0906"
"394.8000","19.7359","1.0815"
"394.9400","19.7430","1.0719"
"395.0800","19.7500","1.0618"
"395.2200","19.7568","1.0503"
"395.3600","19.7639","1.0388"
"395.5000","19.7710","1.0264"
"395.6400","19.7779","1.0142"
"395.7800","19.7850","1.0002"
"395.9200","19.7919","0.9819"
"396.0600","19.7990","0.9589"
"396.2000","19.8060","0.9198"
"396.3400","19.8129","0.8294"
"396.4800","19.8200","0.7261"
"396.6200","19.8269","0.6789"
"396.7600","19.8340","0.6451"
"396.7840","19.8352","0.6401"
